myosd_id,label,place_name,start_lat,start_lon,River_basin_Sea
273,MYOSD273_2016-06_1,"Eidersperrwerk, Eider",54.26765962,8.844435692,Eider
274,MYOSD274_2016-06_1,"Hamburg,Kuhm•À_hlenteich",53.56566,10.025807,Elbe
275,MYOSD275_2016-06_1,"Hilders, Ulster",50.57863127,9.99195613,Weser
279,MYOSD279_2016-06_1,Ochtum-Huchting,53.06027778,8.749722222,Weser
280,MYOSD280_2016-06_1,"Magdeburg, Elbe",52.11551671,11.63596896,Elbe
281,MYOSD281_2016-06_1,"Wollersum, Eider",54.33111111,8.991944444,Eider
283,MYOSD283_2016-06_1,Auf der Br•À_cke - Pagelsee,53.367684,12.889678,Elbe
285,MYOSD285_2016-06_1,"Kiel, Schwentine",54.328328,10.180398,Schlei/Trave
286,MYOSD286_2016-06_1,Ostsee,54.68222222,13.49833333,Baltic Sea
291,MYOSD291_2016-06_1,Wilhelmshaven Innenhafen,53.51487,8.156144,North Sea
292,MYOSD292_2016-06_1,"St•À_tzkow, Oder",52.9820044,14.1920033,Oder
294,MYOSD294_2016-06_1,Rostock,54.425,12.36888889,Baltic Sea
295,MYOSD295_2016-06_1,"Welse, Vierraden",53.0977994,14.2935473,Oder
296,MYOSD296_2016-06_1,Nationalpark Nieders_chsisches Wattenmeer,53.502651,8.096066,North Sea
297,MYOSD297_2016-06_1,"Zeez, Warnow",53.968586,12.128402,Warnow/Peene
298,MYOSD298_2016-06_1,W•À_rschnitz,50.71702186,12.74357744,Elbe
299,MYOSD299_2016-06_1,Gro_e Wehle,54.56443506,8.960293651,Eider
301,MYOSD301_2016-06_1,"Sankt Peter-Ording, Nordsee",54.31631744,8.599517822,North Sea
303,MYOSD303_2016-06_1,Stadthafen Rostock,54.092558,12.123669,Warnow/Peene
304,MYOSD304_2016-06_1,"Weissenhaus, Ostsee",54.30604964,10.75592523,Baltic Sea
307,MYOSD307_2016-06_1,"Eiderm•À_ndung, Dithmarschen",54.25761888,8.8472058,North Sea
308,MYOSD308_2016-06_1,Hiddensee,54.58311105,13.11091039,Baltic Sea
310,MYOSD310_2016-06_1,"T_nning, Eidersperrwerk",54.264167,8.845472,North Sea
312,MYOSD312_2016-06_1,"Niederwartha (Br•À_cke), T_nnichtgrundbach",51.094766,13.605253,Elbe
313,MYOSD313_2016-06_1,"Zingst, Bodden",54.4318172,12.6913869,Baltic Sea
314,MYOSD314_2016-06_1,"Saasnitz, Ostsee",54.516265,13.653784,Baltic Sea
315,MYOSD315_2016-06_1,"Werder (Havel), Gro_er Zernsee",52.3956683,12.9283283,Elbe
316,MYOSD316_2016-06_1,B•À_sum am Hauptstrand / Perlebucht,54.1332721,8.837434995,North Sea
317,MYOSD317_2016-06_1,"Wieck a.d. Dar_, Hafen",54.539444,12.801667,Baltic Sea
318,MYOSD318_2016-06_1,"Vitte, Ostsee",54.5760835,13.1017355,Baltic Sea
319,MYOSD319_2016-06_1,"Weser, Bremen",53.06348649,8.838130999,Weser
320,MYOSD320_2016-06_1,"Billerbeck, Bokel",53.39361879,8.784252155,Weser
322,MYOSD322_2016-06_1,Schwedt / Querfahrt,53.07173355,14.32489558,Oder
323,MYOSD323_2016-06_1,"M•À_nzbach, Freiberg",50.93128616,13.33618937,Elbe
324,MYOSD324_2016-06_1,"Warnow, Oberlauf, nahe Niex",54.0414775,12.1580949,Warnow/Peene
325,MYOSD325_2016-06_1,Tollense,53.662329,13.263856,Warnow/Peene
327,MYOSD327_2016-06_1,"Br•À_cke, Alter Strom Warnem•À_nde",54.17677319,12.08874962,Baltic Sea
328,MYOSD328_2016-06_1,Tollense,53.58711,13.238673,Warnow/Peene
329,MYOSD329_2016-06_1,"Geesthacht, Elbe",53.427972,10.367056,Elbe
330,MYOSD330_2016-06_1,"Pellworm, SW, Einstieg S•À_deroogsand, Tammwarft NW Anglerteich",54.49307771,8.614845014,North Sea
331,MYOSD331_2016-06_1,Rysumer Nacken,53.37449379,6.999407959,North Sea
334,MYOSD334_2016-06_1,"Neuwerk, S•À_d-Neuwerk, Bauhafen Neuwerk",53.91294341,8.495166612,North Sea
335,MYOSD335_2016-06_1,"Berlin, Spree",52.520492,13.366177,Elbe
338,MYOSD338_2016-06_1,"Elbe, Hamburg",53.54358224,9.942800283,Elbe
339,MYOSD339_2016-06_1,Eckernf_rde Bucht,54.473311,9.833414,Baltic sea
340,MYOSD340_2016-06_1,"Hamburg, Elbe",53.529735,10.038454,Elbe
341,MYOSD341_2016-06_1,"Sieseby, Schlei",54.59319214,9.857090425,Baltic Sea
342,MYOSD342_2016-06_1,"Magdeburg, Elbe",52.11088667,11.64216666,Elbe
343,MYOSD343_2016-06_1,"Laboe, Ostsee",54.40803181,10.22059656,Baltic Sea
344,MYOSD344_2016-06_1,Eider,54.3398,9.97,Eider
345,MYOSD345_2016-06_1,"Geesthacht, Elbe",53.426044,10.332036,Elbe
347,MYOSD347_2016-06_1,"Kiel, Ostsee",54.42732343,10.17142911,Baltic Sea
349,MYOSD349_2016-06_1,"Rycksperrwerk, Wieck - Greifswald, Bodden",54.09648933,13.45420081,Warnow/Peene
353,MYOSD353_2016-06_1,"Br•À_cke Bardostra_e, Fulda",50.54761172,9.667557359,Weser
356,MYOSD356_2016-06_1,"Bremerv_rde, Oste",53.48803606,9.158726215,Elbe
358,MYOSD358_2016-06_1,Husum,54.58424893,8.878417969,North Sea
359,MYOSD359_2016-06_1,"Kupfergraben, Berlin",52.51523207,13.40012989,Elbe
360,MYOSD360_2016-06_1,Kiel Schwentine,54.32714024,10.18764534,Schlei/Trave
361,MYOSD361_2016-06_1,"Zwickau, Mulde",50.70083778,12.50039616,Elbe
364,MYOSD364_2016-06_1,"Syke, Hache",52.90619368,8.829460526,Weser
366,MYOSD366_2016-06_1,Scharh_rn,53.9611923,8.43991699,North Sea
367,MYOSD367_2016-06_1,Dortmund-Ems-Kanal,51.54293468,7.434409142,Rhine
373,MYOSD373_2016-06_1,"Meeresnebel (Eckwarderh_rne, Jadebusen)",53.52044831,8.227650738,North Sea
374,MYOSD374_2016-06_1,"Leer,Evenburgpark, Leda",53.22719325,7.498790073,Ems
375,MYOSD375_2016-06_1,"Bremerhaven, Weser",53.53713095,8.576097786,Weser
376,MYOSD376_2016-06_1,Watter,51.33754046,9.0773272,Weser
377,MYOSD377_2016-06_1,"Briescht, Spree",52.1055361,14.1202695,Elbe
378,MYOSD378_2016-06_1,"Oldenburg, Hunte",53.14054467,8.22064697,Weser
382,MYOSD382_2016-06_1,"Helgoland, Hafen",54.1785361,7.8882889,North Sea
383,MYOSD383_2016-06_1,"Langballig, Flensburger F_rde",54.82282223,9.656868093,Baltic Sea
384,MYOSD384_2016-06_1,Hannover,52.3545084,9.7204752,Weser
385,MYOSD385_2016-06_1,"Nordstrand, Borkum",53.60893412,6.683955908,North Sea
387,MYOSD387_2016-06_1,Lemwerder,53.1607786,8.623481,Weser
388,MYOSD388_2016-06_1,Neubrandenburg,53.55225458,13.24428644,Warnow/Peene
389,MYOSD389_2016-06_1,"Barendorf, Ostsee",53.98154334,10.96825399,Baltic Sea
390,MYOSD390_2016-06_1,Dresden,51.03935621,13.70600123,Elbe
391,MYOSD391_2016-06_1,"G_ttingen, Leine",51.58461804,9.914970672,Weser
392,MYOSD392_2016-06_1,Buhne beim Borssumer Siel,53.33316722,7.225023508,Ems
393,MYOSD393_2016-06_1,Bille,53.544326,10.052725,Elbe
394,MYOSD394_2016-06_1,"Elbe, Freiburg, Hafenpriel",53.83622401,9.311657333,Elbe
397,MYOSD397_2016-06_1,"Flensburger F_rde, Holnis Spitze",54.87673044,9.613649407,Baltic Sea
398,MYOSD398_2016-06_1,Heikendorf Strand,54.37987337,10.19590681,Baltic Sea
400,MYOSD400_2016-06_1,Kieler F_rde,54.366,10.196,Baltic Sea
401,MYOSD401_2016-06_1,"Spree, Stralau",52.491069,13.478343,Elbe
403,MYOSD403_2016-06_1,"Nordermeldorf, Nordsee",54.1106355,8.9399405,North Sea
404,MYOSD404_2016-06_1,"Sch_nberger Strand Mole, Ostsee",54.415933,10.41559696,Baltic Sea
405,MYOSD405_2016-06_1,"Berlin, Spree",52.524351,13.325481,Elbe
406,MYOSD406_2016-06_1,Borssumer Sieltor Emden,53.3331324,7.2248098,Ems
408,MYOSD408_2016-06_1,"Havel, Ketzin",52.463688,12.854525,Elbe
409,MYOSD409_2016-06_1,"Amrum, F_hranleger Wittd•À_n",54.6292497,8.397573358,North Sea
410,MYOSD410_2016-06_1,"Fehmarn, Ostsee",54.30221308,11.09759311,Baltic Sea
413,MYOSD413_2016-06_1,"Berlin, Spree",52.522287,13.395942,Elbe
414,MYOSD414_2016-06_1,"Nassauhafen, Nordsee",53.5149985,8.1510363,North Sea
415,MYOSD415_2016-06_1,Kringel Helgoland,54.17735606,7.886399903,North Sea
416,MYOSD416_2016-06_1,Wuhle in Berlin,52.52357164,13.57763633,Elbe
417,MYOSD417_2016-06_1,winningmay - Schlei/F•À_singer Au,54.53196064,9.626760632,Schlei/Trave
418,MYOSD418_2016-06_1,"Zeuthener See, Dahme",52.338165,13.638424,Elbe
419,MYOSD419_2016-06_1,"Amrum, vor FFK-Zeltplatz",54.6223841,8.344901651,North Sea
420,MYOSD420_2016-06_1,Wehrberger Warte,52.11165949,9.346274016,Weser
421,MYOSD421_2016-06_1,Schob•À_ll Steg am Camping,54.50755,8.993351,North Sea
422,MYOSD422_2016-06_1,Campen Schillbank Nord,53.41095362,7.012644433,North Sea
423,MYOSD423_2016-06_1,Nessmersiel,53.68325197,7.360248876,North Sea
424,MYOSD424_2016-06_1,Norderney (Nordstrand - H_he Krankenhaus),53.718933,7.172599,North Sea
425,MYOSD425_2016-06_1,Teltow-Kanal H_he Teltow-Seehof,52.410902,13.28721,Elbe
426,MYOSD426_2016-06_1,"Norddorf, Nordsee",54.687913,8.320918,North Sea
427,MYOSD427_2016-06_1,"Sylt, s•À_dlich Rantumbecken",54.861935,8.328451,North Sea
428,MYOSD428_2016-06_1,Loogbad Juist,53.67783482,6.98519538,North Sea
429,MYOSD429_2016-06_1,"Wienbeck, Osterholz-Scharmbeck",53.21375,8.78735,Weser
430,MYOSD430_2016-06_1,Husum Dockkoog Badestelle,54.479973,9.003469,North Sea
431,MYOSD431_2016-06_1,"Sylt, Rantum, Hafenstra_e",54.85700057,8.304319941,North Sea
433,MYOSD433_2016-06_1,Kanal Havel,52.39281833,13.03600667,Elbe
434,MYOSD434_2016-06_1,"Cappel-Neufeld, Nordsee",53.762543,8.541946,North Sea
435,MYOSD435_2016-06_1,"Pellworm, Osten alter Hafen bei Tammensiel",54.5207738,8.69135,North Sea
436,MYOSD436_2016-06_1,"Havel, Berlin",52.587567,13.2203497,Elbe
438,MYOSD438_2016-06_1,"Scharmbecker Bach, Osterholz-Scharmbeck",53.214233,8.788467,Weser
440,MYOSD440_2016-06_1,"Norderoog, N•À_ der Warft, N_he Wattenweg Hooge-Norderoog",54.526068,8.468787,North Sea
441,MYOSD441_2016-06_1,"Amrum, _stliche Amrum Odde",54.71030381,8.361127663,North Sea
442,MYOSD442_2016-06_1,"Habel, Anleger",54.636472,8.766517127,North Sea
443,MYOSD443_2016-06_1,Leyh_rn Spitze,53.53462,7.03375,North Sea
444,MYOSD444_2016-06_1,Emden,53.32221,7.311944,Ems
445,MYOSD445_2016-06_1,"Friedrichskoog, Trischendamm",54.0218566,8.8734982,North Sea
446,MYOSD446_2016-06_1,Dangast,53.44616881,8.1057096,North Sea
447,MYOSD447_2016-06_1,"Norderoogsand, Mitte Westk•À_ste",53.532222,8.470278,North Sea
448,MYOSD448_2016-06_1,Hauener P•À_tten,53.50051,7.05285,Ems
449,MYOSD449_2016-06_1,Eckwarderh_rne,53.5204986,8.2268333,North Sea
450,MYOSD450_2016-06_1,"Nord-Ostseekanal, Holtenau",54.367163,10.132116,Schlei/Trave
451,MYOSD451_2016-06_1,Elbe,53.555998,9.8040602,Elbe
452,MYOSD452_2016-06_1,Elmshorn,53.755375,9.667145,Elbe
453,MYOSD453_2016-06_1,"Halbinsel Pichelswerder,Havel",52.503031,13.199586,Elbe
454,MYOSD454_2016-06_1,Ausfluss des M•À_hlenbachs in die Kieler F_rde,54.2807,10.2659,Schlei/Trave
456,MYOSD456_2016-06_1,"Op'n Bulln, Elbe",53.555998,9.804002,Elbe
457,MYOSD457_2016-06_1,"Elbe, Op•À_n Bulln",53.5559852,9.8045549,Elbe
459,MYOSD459_2016-06_1,Elbe Hafenmuseum Hansa-Hafen,53.52586714,10.00126566,Elbe
460,MYOSD460_2016-06_1,"Bensersiel, Strand",53.7688977,7.816262628,North Sea
462,MYOSD462_2016-06_1,"Kalifornien, Ostsee",54.4278996,10.37855825,Baltic Sea
463,MYOSD463_2016-06_1,Havel,52.6909199,13.245961,Elbe
464,MYOSD464_2016-06_1,Boddensee Birkenwerder,52.69627,13.284942,Elbe/Lake
466,MYOSD466_2016-06_1,Warnow,54.078092,12.153665,Warnow/Peene
469,MYOSD469_2016-06_1,"Rostock, Gerberbruch",54.08866171,12.15314337,Warnow/Peene
472,MYOSD472_2016-06_1,Caputher Gem•À_nde,52.3505846,13.00603137,Elbe
473,MYOSD473_2016-06_1,"Hamburg Wittenbergen Unterfeuer, Elbe",53.563817,9.750467,Elbe
474,MYOSD474_2016-06_1,Werse bei Drensteinfurt,51.798236,7.745097,Ems
475,MYOSD475_2016-06_1,"B•À_sumer Deichhausen, Nordsee",54.124649,8.875611,North Sea
476,MYOSD476_2016-06_1,Lingen Ems,52.515116,7.2958318,Ems
477,MYOSD477_2016-06_1,Schleuse Kukelorum,53.44993338,7.450953007,Ems
479,MYOSD479_2016-06_1,Greifswalder Bodden,54.09563706,13.45640609,Baltic Sea
480,MYOSD480_2016-06_1,Peene,53.92874939,13.34217357,Warnow/Peene
482,MYOSD482_2016-06_1,"Pichelswerder, Havel",52.501417,13.190917,Elbe
483,MYOSD483_2016-06_1,"Kleiner Weser, Bremen",53.07359,8.801497,Weser
485,MYOSD485_2016-06_1,"Ilmenau Medingen, Niedersachsen",53.0913351,10.5690573,Elbe
486,MYOSD486_2016-06_1,"Alster, Hamburg Dubenstadt",53.70424343,10.11794678,Elbe
487,MYOSD487_2016-06_1,F_rde Schusterkate,54.83184828,9.419993581,Baltic Sea
488,MYOSD488_2016-06_1,"Hetlinger Binnenelbe, zwischen Hetlingen und Wedel, nahe F_hrmannssand",53.583517,9.667667,Elbe
489,MYOSD489_2016-06_1,"Berlin, Oberhavel",52.5575591,13.2244536,Elbe
490,MYOSD490_2016-06_1,Malte Stoye,53.87375681,8.706300677,North Sea
491,MYOSD491_2016-06_1,"Weser, Beverungen",51.649979,9.374253,Weser
492,MYOSD492_2016-06_1,Flensburg,54.81801504,9.426273638,Baltic Sea
493,MYOSD493_2016-06_1,Urban Hafen Berlin,52.49587889,13.40741758,Elbe
494,MYOSD494_2016-06_1,Lanker See,54.219663,10.283574,Schlei/Trave/Lake
495,MYOSD495_2016-06_1,"Saalfeld, Saale",50.651967,11.363931,Elbe
496,MYOSD496_2016-06_1,"Kienitz, Oder",52.679685,14.434726,Oder
498,MYOSD498_2016-06_1,"Bremen, Schlachte Wesser",53.078182,8.7984547,Weser
501,MYOSD501_2016-06_1,Weser,51.42706,9.639067,Weser
504,MYOSD504_2016-06_1,Berlin Oberspree,52.45395767,13.55024192,Elbe
505,MYOSD505_2016-06_1,Weser,51.817213,9.42581,Weser
507,MYOSD507_2016-06_1,"M•À_hlenau, Spielplatz Pinneberg",53.6557457,9.7916424,Elbe
510,MYOSD510_2016-06_1,"Birkenwerder, Briese",52.685556,13.27,Elbe
511,MYOSD511_2016-06_1,Meppen Ems,52.69054,7.27866,Ems
512,MYOSD512_2016-06_1,Bremen Europahafen,53.119251,8.730364,Weser
517,MYOSD517_2016-06_1,"Chemnitz Uferstrand, Apollobr•À_cke",50.825493,12.919766,Elbe
518,MYOSD518_2016-06_1,Alte Aller / M•À_ndung Weser,52.99571842,9.08078755,Weser
520,MYOSD520_2016-06_1,Quer ab Schleim•À_ndung,54.680333,10.25275,Baltic Sea
521,MYOSD521_2016-06_1,•À_stl. Stollergrund,54.469783,10.23505,Baltic Sea
522,MYOSD522_2016-06_1,_stlicher Stollergrund,54.35761,10.14402,Baltic Sea
523,MYOSD523_2016-06_1,Eli Groden,53.717652,7.911538,North Sea
524,MYOSD524_2016-06_1,Hauptstrand Borkum,53.589692,6.655568,North Sea
525,MYOSD525_2016-06_1,"Schlei, Winnigmay",54.52838605,9.631712828,Schlei/trave
526,MYOSD526_2016-06_1,"M•À_ggelsee, Berlin",52.44152438,13.62232385,Elbe/Lake
527,MYOSD527_2016-06_1,"Hamburg, Elbe",53.528074,10.043571,Elbe
528,MYOSD528_2016-06_1,"•À_velg_nne, Hamburg",53.547143,9.864468,Elbe
529,MYOSD529_2016-06_1,"Uelzen, Ilmenau",52.985826,10.572966,Elbe
530,MYOSD530_2016-06_1,Geesthacht Elbe,53.4262398,10.3327733,Elbe
531,MYOSD531_2016-06_1,Flensburger F_rde,54.80906,9.45447,Baltic Sea
532,MYOSD532_2016-06_1,"Teufelsbr•À_ck, Hamburg",53.547176,9.867337,Elbe
535,MYOSD535_2016-06_1,"Ehemaliges Freibad oberspree, am Bruno-B•À_rgel-Weg, Spree",52.453797,13.550784,Elbe
536,MYOSD536_2016-06_1,"Weser, Bremen",53.061256,8.861528,Weser
539,MYOSD539_2016-06_1,Warnem•À_nde Strand,54.184084,12.085148,Baltic Sea
540,MYOSD540_2016-06_1,"Dresden, Pillnitz Treppe",51.004836,13.868495,Elbe
541,MYOSD541_2016-06_1,"Dahme, Berlin Seddinsee",52.377358,13.658048,Elbe
543,MYOSD543_2016-06_1,Herford / Aa,52.104983,8.654199,Weser
544,MYOSD544_2016-06_1,"Beeskow, Spree",52.1739771,14.2560607,Elbe
545,MYOSD545_2016-06_1,"Lache, Nebenarm der Saale, Kulmbacher Stra_e 80",50.6451891,11.3725311,Elbe
547,MYOSD547_2016-06_1,"Alster, Wulksfelder Weg, Wulksfelde",53.720051,10.116536,Elbe
549,MYOSD549_2016-06_1,"Dellstedt,Rethbucht,Eider",54.23784,9.43307,Eider
550,MYOSD550_2016-06_1,Weser / Ecke Schleusenkanal Langwedel,52.99467239,9.08050493,Weser
551,MYOSD551_2016-06_1,Leinemasch Rethen,52.290763,9.805679,Weser
552,MYOSD552_2016-06_1,Hafen Tempelhof,52.44583358,13.36578406,Elbe
555,MYOSD555_2016-06_1,"Trave, MUK Br•À_cke, L•À_beck",53.86963,10.678833,Schlei/Trave
557,MYOSD557_2016-06_1,"Schwentine, Eutin",54.159444,10.612222,Schlei/Trave
558,MYOSD558_2016-06_1,Ponton op'n Bulln Blankenese,53.555998,9.80466,Elbe
559,MYOSD559_2016-06_1,"Funkstelle Schilksee, Ostsee",54.41495,10.184784,Baltic Sea
560,MYOSD560_2016-06_1,Hamme Worpswede,53.21541825,8.861054499,Weser
561,MYOSD561_2016-06_1,Juist S•À_d_stlich Flugplatz,53.679133,7.062191,North Sea
562,MYOSD562_2016-06_1,Leyh_rn Innen,53.53382,7.03897,Ems
563,MYOSD563_2016-06_1,"Hannover, Leine",52.368545,9.7330361,Weser
564,MYOSD564_2016-06_1,"Hannover, Leine",52.29957236,9.798264094,Weser
565,MYOSD565_2016-06_1,"Wiemen, Nordsee",53.686822,8.485101,North Sea
566,MYOSD566_2016-06_1,C_ciliengroden,53.487479,8.062252,North Sea
567,MYOSD567_2016-06_1,"Heiselhuser Str. 21, 26736 Krummh_rn",53.40567905,7.026294422,Ems
568,MYOSD568_2016-06_1,"Chemnitz, Sch_nherrfabrik",50.84865894,12.92346015,Elbe
570,MYOSD570_2016-06_1,Cuxhaven Nordsee,53.8652706,8.595561739,North Sea
571,MYOSD571_2016-06_1,Hafenausfahrt Norddeich,53.623667,7.153806,North Sea
573,MYOSD573_2016-06_1,"Neustein bei Laboe, M•À_ndung Hagener Au",54.416472,10.242221,Schlei/Trave
574,MYOSD574_2016-06_1,Spree,52.448359,13.570561,Elbe
576,MYOSD576_2016-06_1,"Postsee, Preetz",54.238763,10.267642,Schlei/Trave/Lake
577,MYOSD577_2016-06_1,Nord-Ostsee Kanal Kiel,54.360486,10.064552,Schlei/Trave
578,MYOSD578_2016-06_1,"Osnabr•À_ck, Hasebr•À_cke, Die Eversb•À_rg",52.308611,7.996667,Ems
579,MYOSD579_2016-06_1,"Schleusenkanal, Achim",52.99476396,9.08122322,Weser
580,MYOSD580_2016-06_1,"Tiefer See - Havel, Humboldtbr•À_cke, Babelsberg, Potsdam, Deutschland",52.400517,13.0775,Elbe
581,MYOSD581_2016-06_1,"Hunte, Anleger SV Tungeln, Kanuabteilung",53.095467,8.195183,Weser
582,MYOSD582_2016-06_1,Hafen Breege,54.611817,13.35525,Baltic Sea
586,MYOSD586_2016-06_1,"Schl•À_ttsiel, Hauke-Haien-Koog, N_he Anleger",54.680028,8.75575,North Sea
589,MYOSD589_2016-06_1,"Hannover, Ihme",52.376144,9.713922,Weser
592,MYOSD592_2016-06_1,"F_hr, Strandpromenade am Nordseekurpark",54.6799653,8.5479745,North Sea
593,MYOSD593_2016-06_1,"Strandbad Sehestedt am Jadebusen, Jade, Nordsee",53.436589,8.294995,North Sea
597,MYOSD597_2016-06_1,Pinnau bei Klevendeich,53.6739428,9.6100402,Elbe
598,MYOSD598_2016-06_1,"NOK, Klein K_nigsf_rde",54.352755,9.8908044,Eider
599,MYOSD599_2016-06_1,"Elbe, Dresden",51.023182,13.841583,Elbe
601,MYOSD601_2016-06_1,"Hamburg, Elbe",53.5446794,9.9947653,Elbe
604,MYOSD604_2016-06_1,Greffen,51.9687919,8.1449802,Ems
605,MYOSD605_2016-06_1,"Helgoland, Nordstrand Mole",53.587907,6.73205,North Sea
606,MYOSD606_2016-06_1,T•À_skend_r Siel,53.587907,6.73205,North Sea
608,MYOSD608_2016-06_1,"Oranienburg, Lehnitz",52.7576533,13.2745683,Elbe
609,MYOSD609_2016-06_1,"Cafe Sand, Bremen",53.0690189,8.8230593,Weser
610,MYOSD610_2016-06_1,"Mei_en,Elbe",51.162515,13.479329,Elbe
611,MYOSD611_2016-06_1,Sielhaus Heringssand Hellschen Unterschaar,54.220556,8.840278,North Sea
612,MYOSD612_2016-06_1,"op'n Bulln, Elbe",53.555977,9.8045055,Elbe
613,MYOSD613_2016-06_1,"Magdeburger Hafen, Hamburg, Elbe",53.5421989,10.00010066,Elbe
616,MYOSD616_2016-06_1,"Dresden, Elbe",51.0625664,13.76481269,Elbe
617,MYOSD617_2016-06_1,Kl_rwerk Juist,53.668872,6.942297,North Sea
618,MYOSD618_2016-06_1,Ziegenwerder/Oder- (Frankfurter oder),52.33547,14.56153,Oder
622,MYOSD622_2016-06_1,"Landwehr, Nord-Ostsee-Kanal",54.34437549,9.977652244,Eider
623,MYOSD623_2016-06_1,Yachthafen Norddeich,53.6247279,7.152462577,North Sea
624,MYOSD624_2016-06_1,Warnow Rostock Gehlsdorf,54.111306,12.090791,Warnow/Peene
626,MYOSD626_2016-06_1,"Else, B•À_nde, Nordring 15 (Kanu- und Segel-Club B•À_nde e. V.)",52.19948,8.58057,Weser
627,MYOSD627_2016-06_1,Au_enpriel Langwardergroden,53.60678361,8.34817848,North Sea
628,MYOSD628_2016-06_1,"Wilhelmshaven, Jadebusen",53.5117694,8.1365246,North Sea
629,MYOSD629_2016-06_1,Bremen gegen•À_ber von cafe sand,53.0690407,8.8227852,Weser
630,MYOSD630_2016-06_1,Flensburger F_rde,54.823923,9.490977,Baltic Sea
631,MYOSD631_2016-06_1,"Rundwanderweg Dar_er Ort, in Verl_ngerung Leuchtturmweg",54.45564504,12.55616521,Baltic Sea
632,MYOSD632_2016-06_1,"Hannover, Strandbar",52.37142397,9.717868315,Weser
633,MYOSD633_2016-06_1,Schwentine B202 / Rosenfelderse,54.28065279,10.26580296,Schlei/Trave
634,MYOSD634_2016-06_1,"Berlin Wedding, Panke",52.545328,13.3745633,Elbe
635,MYOSD635_2016-06_1,"Bremen, Werdersee",53.054566,8.851576,Weser
637,MYOSD637_2016-06_1,"Berlin, Nordhafen, Spandau",52.55537497,13.21597447,Elbe
638,MYOSD638_2016-06_1,"neuk_llner schifffahrtskanal, Berlin Ecke Elbestra_e",52.48697151,13.44052884,Elbe
642,MYOSD642_2016-06_1,"Wildeshausen, Hunte",53.00067498,8.300748663,Weser
643,MYOSD643_2016-06_1,"Prerow, Strandwanderweg, H_he Strandzugang 34",54.47349355,12.50018105,Baltic Sea
644,MYOSD644_2016-06_1,"Berlin, stralau- Spree",52.496267,13.47225,Elbe
645,MYOSD645_2016-06_1,"Bremen, Steg an der Weserpromenade N_he Strasse Fangturm",53.0788583,8.79639269,Weser
647,MYOSD647_2016-06_1,"Travenbr•À_ck, Trave",53.82704019,10.3358849,Schlei/Trave
649,MYOSD649_2016-06_1,"Bremen, Weser, Haven",53.118955,8.73302,Weser
652,MYOSD652_2016-06_1,Cottbus (Spree),51.7628576,14.341562,Elbe
653,MYOSD653_2016-06_1,"Bremen-Blumenthal, R_nnebecker Hafen",53.217672,8.498342,Weser
654,MYOSD654_2016-06_1,Nordstrandischmoor,54.550117,8.798233,North Sea
655,MYOSD655_2016-06_1,Pellworm,54.494339,8.66903,North Sea
661,MYOSD661_2016-06_1,Greifswalder Bodden,54.212333,13.493833,Baltic Sea
663,MYOSD663_2016-06_1,"Niendorf, Ostsee",53.99483813,10.81719466,Baltic Sea
666,MYOSD666_2016-06_1,Nordsee S•À_dstrand Wilhelmshaven,53.511,8.135,North Sea
668,MYOSD668_2016-06_1,Seebr•À_cke Gr•À_nstrand Travem•À_nde,53.969976,10.88312899,Baltic Sea
670,MYOSD670_2016-06_1,"Heimbruch, Pippensen, Buxtehude",53.439517,9.673611,Elbe
672,MYOSD672_2016-06_1,"Hamburg, Elbe",53.544821,9.972386,Elbe
673,MYOSD673_2016-06_1,"Weende, G_ttingen, Niedersachsen - Leine",51.572006,9.9157579,Weser
674,MYOSD674_2016-06_1,"Glauchau, Zwickauer Mulde",50.8154685,12.515454,Elbe
676,MYOSD676_2016-06_1,Bardowick bei L•À_neburg,53.2999,10.398,Elbe
678,MYOSD678_2016-06_1,"Timmendorf, Ostseetherme",54.0523131,10.7537596,Baltic Sea
679,MYOSD679_2016-06_1,Zato? Dolna/ Oder,53.016732,14.280668,Oder
680,MYOSD680_2016-06_1,Westmohlenfeuer Warnem•À_nde,54.186574,12.087353,Baltic Sea
681,MYOSD681_2016-06_1,"M•À_ndung M•À_hlenflie_, Ostsee",54.146217,11.869183,Warnow/Peene
682,MYOSD682_2016-06_1,Haaler Au,54.18390386,9.503915262,Eider
683,MYOSD683_2016-06_1,"Heidkate, Ostsee",54.43451836,10.31479471,Baltic Sea
689,MYOSD689_2016-06_1,Tollense,53.564064,13.236067,Warnow/Peene
690,MYOSD690_2016-06_1,Warnowufer,54.09790722,12.138578,Warnow/Peene
694,MYOSD694_2016-06_1,"G_ttingen, Leine",51.53113327,9.9208853,Weser
696,MYOSD696_2016-06_1,"Hamburg,Alster",53.560679,10.012407,Elbe
697,MYOSD697_2016-06_1,"T_nning, N_he Spielplatz",54.312184,8.949155,Eider
698,MYOSD698_2016-06_1,Hamburg Finkenwerder,53.5426082,9.85652253,Elbe
699,MYOSD699_2016-06_1,Burg (bei Magdeburg) Elbe-Havel-Kanal/ Ihle,52.27005,11.863688,Elbe
700,MYOSD700_2016-06_1,"Flensb•À_rger F_rde, Innen Hafen",54.79032161,9.437233982,Baltic Sea
701,MYOSD701_2016-06_1,Flensburg F_rde,54.8135949,9.4318419,Baltic Sea
703,MYOSD703_2016-06_1,"Berlin,Spree",52.45314538,13.55541799,Elbe
704,MYOSD704_2016-06_1,"Mielkendorf, Eider",54.28599974,10.03743598,Eider
705,MYOSD705_2016-06_1,"Surendorf, Ostsee",54.480517,10.072717,Baltic Sea
706,MYOSD706_2016-06_1,Greifswalder Bodden / Ostsee,54.237333,13.303333,Baltic Sea
707,MYOSD707_2016-06_1,Ribnitz-Damgarten Hafen,54.2451626,12.43324901,Baltic Sea
708,MYOSD708_2016-06_1,"Warendorf, Ems",51.95942689,7.980956677,Ems
709,MYOSD709_2016-06_1,"Teltow Kanal, Zufluss zum Machnower See",52.3985093,13.2233178,Elbe/Lake
710,MYOSD710_2016-06_1,"Altenbruch-Cuxhaven, Elbe",53.83572043,8.782336009,North Sea
711,MYOSD711_2016-06_1,Neustadt in Holstein / NSV Hafen,54.0944154,10.8149228,Baltic Sea
712,MYOSD712_2016-06_1,Breezes Bodden,54.55515,13.244017,Baltic Sea
713,MYOSD713_2016-06_1,Hamburg-Hafengebiet,53.54465,9.9718,Elbe
714,MYOSD714_2016-06_1,"Kiel, H_rn",54.2899274,10.086,Eider
715,MYOSD715_2016-06_1,"Kiel, Kielline",54.32970237,10.14928357,Baltic Sea
717,MYOSD717_2016-06_1,"Mielkendorf , Eider",54.28825703,10.05815496,Eider
718,MYOSD718_2016-06_1,"Kiel Drachenseeabfuss, Speckenbeker AU",54.2932061,10.0926552,Eider
719,MYOSD719_2016-06_1,"H_rnum/Sylt, Nordsee",54.7671538,8.2816205,North Sea
720,MYOSD720_2016-06_1,"Nord-Ostsee-Kanal, Zufluss Loewe",54.35880992,10.05619564,Schlei/Trave
721,MYOSD721_2016-06_1,"M_nkeberg, Strand, Stubenrauchstra_e",54.351429,10.1775188,Baltic Sea
722,MYOSD722_2016-06_1,"Heidkate, Strand , Ostsee",54.435196,10.312532,Baltic Sea
723,MYOSD723_2016-06_1,Meerwasserprobe Strand; Kl_rwerk Kiel-B•À_lk,54.455615,10.194725,Baltic Sea
724,MYOSD724_2016-06_1,Zum Kleinen D_nholm,54.30451053,13.11676903,Baltic Sea
725,MYOSD725_2016-06_1,"Kiel, Kiellinie",54.329568,10.149425,Baltic Sea
726,MYOSD726_2016-06_1,"Fulda, Fulda",50.56123899,9.660291045,Weser
727,MYOSD727_2016-06_1,"L•À_tkenwisch, Elbe",53.04056533,11.572467,Elbe
728,MYOSD728_2016-06_1,Flensburg/ Solilt•À_de,54.8228256,9.491227,Baltic Sea
730,MYOSD730_2016-06_1,Ostsee,54.838268,9.52559,Baltic Sea
734,MYOSD734_2016-06_1,Eider am Schulensee,54.2899254,10.0887358,Eider
736,MYOSD736_2016-06_1,"Heidem•À_hle, Dresdner Heide, Elbe",51.06332249,13.77717666,Elbe
738,MYOSD738_2016-06_1,"Saale, Halle-Trotha",51.509736,11.954922,Elbe
740,MYOSD740_2016-06_1,Wendtorf Grenze zu Wisch; Ostsee,54.431023,10.297541,Baltic Sea
741,MYOSD741_2016-06_1,"NOK( Nord-Ostsee-Kanal), Sehestedt",54.3627496,9.81680729,Eider
742,MYOSD742_2016-06_1,Heidkate,54.435271,10.314101,Baltic Sea
745,MYOSD745_2016-06_1,"Wardenburg H_he Tillysee, Hunte",53.1071464,8.1874702,Weser
746,MYOSD746_2016-06_1,"Wesselburenerkoog, Eider",54.267222,8.857778,Eider
747,MYOSD747_2016-06_1,Stichkanal Osnabr•À_ck (zwischen Gl•À_ckaufstra_e und Die Eversburg),52.31077883,7.999846834,Ems
748,MYOSD748_2016-06_1,"Kiel, Kiellinie",54.32970237,10.14928353,Baltic Sea
749,MYOSD749_2016-06_1,Dranske/ Ostsee,54.622933,13.222233,Baltic Sea
750,MYOSD750_2016-06_1,"Eckernf_rde, Bucht",54.44851716,9.86367749,Baltic Sea
751,MYOSD751_2016-06_1,Juist,53.67371867,6.992317066,North Sea
752,MYOSD752_2016-06_1,Vareler Hafen,53.41,8.188889,Weser
753,MYOSD753_2016-06_1,"Weyhe, Weser vor dem Wieltsee",53.01126656,8.908956908,Weser
755,MYOSD755_2016-06_1,"Holnis, westlich der Infoh•À_tte",54.87002,9.585148,Baltic Sea
756,MYOSD756_2016-06_1,"Brunsb•À_ttel, _stliches Braake-Ufer, N_he Freibad",53.895298,9.126912,Elbe
757,MYOSD757_2016-06_1,"Fehmarn, Wallnau n_rdlich zum Kanal am NSG Wallnau",54.478933,11.010883,Baltic Sea
760,MYOSD760_2016-06_1,Nord-Ostee-Kanal gegen•À_ber Zufluss Felmer Au,54.35441712,10.00674454,Eider
761,MYOSD761_2016-06_1,"Kiel, Kiellinie",54.32970237,10.14928353,Baltic Sea
762,MYOSD762_2016-06_1,"Gr_nzin,  (Havel)",53.408787,12.907126,Elbe
765,MYOSD765_2016-06_1,"Landwehr, Nord-Ostsee-Kanal",54.34555253,9.983373928,Eider
766,MYOSD766_2016-06_1,Havelquelle,53.447822,12.95405,Elbe
767,MYOSD767_2016-06_1,"Negernb_tel, Faule Trave",53.98420328,10.25885034,Schlei/Trave
770,MYOSD770_2016-06_1,"Wilhelmshaven, Verl_ngerung der Stra_e zwischen dem Gro_en Haven und dem Banter See",53.5115681,8.13495612,North Sea
771,MYOSD771_2016-06_1,Rabeninselbr•À_cke Schlenkerweg/ Saale,51.45962797,11.94590184,Elbe
772,MYOSD772_2016-06_1,"Tura, Lesum, Bremen",53.164167,8.690833,Weser
777,MYOSD777_2016-06_1,"Berlin, Pankow",52.570994,13.398374,Elbe
778,MYOSD778_2016-06_1,"T_nning, Eiderkaje, Eider",54.31401171,8.948055217,Eider
779,MYOSD779_2016-06_1,"Kiel, Kiellinie",54.32982987,10.1492604,Baltic Sea
781,MYOSD781_2016-06_1,Gl•À_cksburgbadestram (Ostsee),54.841011,9.529458,Baltic Sea
782,MYOSD782_2016-06_1,Schwentine (N_he Scharberg),54.32806905,10.1857642,Schlei/Trave
784,MYOSD784_2016-06_1,"Hooge, n_rdlich Backenswarft am Anleger",54.57823843,8.556910408,North Sea
786,MYOSD786_2016-06_1,"Baltrum, Nordsee",53.7210716,7.36141,North Sea
787,MYOSD787_2016-06_1,Ems,51.83289988,8.57391275,Ems
788,MYOSD788_2016-06_1,Dangast Kurhausstrand,53.44695973,8.110198332,North Sea
789,MYOSD789_2016-06_1,"Hamburg, Au_enalster",53.563251,10.015384,Elbe
790,MYOSD790_2016-06_1,Weser,51.975385,9.51623,Weser
792,MYOSD792_2016-06_1,Dipperz,50.550413,9.794076,Weser
794,MYOSD794_2016-06_1,"Friedland, Leine",51.41572037,9.922761762,Weser
795,MYOSD795_2016-06_1,"Berlin, Spree",52.519002,13.402526,Elbe
796,MYOSD796_2016-06_1,Havelchaussee,52.45568478,13.18808393,Elbe
798,MYOSD798_2016-06_1,"Bieberstein, Bobritzsch",51.01977996,13.3416047,Elbe
799,MYOSD799_2016-06_1,"G_ttingen, Leine",51.56572931,9.909541941,Weser
800,MYOSD800_2016-06_1,"N•À_st, N•À_st",50.6597823,9.76168659,Weser
802,MYOSD802_2016-06_1,"Gartz (Oder), Gartzer Schrey",53.2322806,14.417203,Oder
803,MYOSD803_2016-06_1,Stadtbr•À_cke Schwedt,53.05383016,14.28961337,Oder
805,MYOSD805_2016-06_1,"Berlin, Mitte, Spreeufer Schiffbauerdamm, gegen•À_ber Nr. 15",52.52006998,13.38338856,Elbe
806,MYOSD806_2016-06_1,"Criewen, Hohensaaten-Friedrichsthaler Wasserstra_e",53.01032867,14.22370495,Oder
807,MYOSD807_2016-06_1,"Freiberger Mulde, Tuttendort/Condradsdorf",50.941308,13.368775,Elbe
808,MYOSD808_2016-06_1,St•À_tzkow Vorwerk,52.99219878,14.17577446,Oder
809,MYOSD809_2016-06_1,Kratzburg: K_belicksee- Camping Privatsteg,53.416258,12.953571,Elbe
810,MYOSD810_2016-06_1,"Gartz, Oder, Westoder",53.206345,14.390552,Oder
811,MYOSD811_2016-06_1,"Freiberger Mulde, bei Gro_schirma, Sachsen",50.97445,13.31585,Elbe
815,MYOSD815_2016-06_1,"Strand Stein, Ostsee",54.41819156,10.26545621,Baltic Sea
817,MYOSD817_2016-06_1,"Leipzig, Wei_e Elster",51.33484717,12.3485215,Elbe
818,MYOSD818_2016-06_1,"List, Erlebniszentrum Naturgewalten",55.01936721,8.43945225,North Sea
819,MYOSD819_2016-06_1,"Schwedt, Oderbr•À_cke",53.0335051,14.3112071,Oder
820,MYOSD820_2016-06_1,"Schillig, Nordsee",53.70242815,8.0312915,North Sea
821,MYOSD821_2016-06_1,Alster,53.581035,10.090263,Elbe
822,MYOSD822_2016-06_1,"Berlin, Havel",52.43542411,13.16582277,Elbe
823,MYOSD823_2016-06_1,"Warnow, M•À_hlendamm",54.085664,12.152089,Warnow/Peene
824,MYOSD824_2016-06_1,Sch_pfwerk Schwedt,53.04649868,14.27345951,Oder
825,MYOSD825_2016-06_1,Tollensesee M•À_ndung 2 B_che,53.550373,13.246787,Warnow/Peene
826,MYOSD826_2016-06_1,"Boltenhagen Redewisch, Ostsee",53.998556,11.191636,Baltic Sea
828,MYOSD828_2016-06_1,"Diekskiel, Nordsee",53.486233,7.027123,North Sea
829,MYOSD829_2016-06_1,"Hafen Alt Glowe, Gro_er Jasmunder Bodden",54.553333,13.484017,Baltic Sea
830,MYOSD830_2016-06_1,Aktive Beach Warnem•À_nde,54.181319,12.077418,Baltic Sea
832,MYOSD832_2016-06_1,"Stralsund/Drigge, Fahrrinne",54.2625,13.215,Baltic Sea
833,MYOSD833_2016-06_1,Tarnewitz Boltenhagen,53.97473,11.24174,Baltic Sea
835,MYOSD835_2016-06_1,"Insel Poel, Ostsee",53.9988435,11.3809589,Baltic Sea
836,MYOSD836_2016-06_1,Hase in Osnabr•À_ck,52.2718578,8.0556581,Ems
837,MYOSD837_2016-06_1,"L•À_beck, Trave",53.90548,10.715334,Schlei/Trave
838,MYOSD838_2016-06_1,"Stadthafen, Warnowufer, Rostock",54.09470969,12.11087929,Warnow/Peene
840,MYOSD840_2016-06_1,Suchsdorf Weiche Kanal,54.360446,10.064477,Schlei/Trave
843,MYOSD843_2016-06_1,"Berlin-K_penick, Spree",52.447005,13.579885,Elbe
844,MYOSD844_2016-06_1,"Imsum, Weserm•À_ndung, Nordsee",53.614125,8.5143,North Sea
845,MYOSD845_2016-06_1,"Helgoland, D•À_ne, Golfteich",54.18464,7.912731,North Sea/Lake
846,MYOSD846_2016-06_1,"Weser, Alte Luneeinm•À_ndung",53.51017566,8.5612832,Weser
848,MYOSD848_2016-06_1,"Wannsee, Grunewald, Berlin",52.501008,13.20803,Elbe
851,MYOSD851_2016-06_1,Untere Oberhavelstrasse,52.44255699,13.02578967,Elbe
852,MYOSD852_2016-06_1,"Tylsen, Dumme",52.819247,11.027494,Elbe
853,MYOSD853_2016-06_1,Museumshafen Greifswald,54.099669,13.383634,Warnow/Peene
855,MYOSD855_2016-06_1,"Hunte, Hundsm•À_hlen",53.11932,8.204557,Weser
862,MYOSD862_2016-06_1,"Weissenfels, Saale",51.2025,11.96916667,Elbe
864,MYOSD864_2016-06_1,Mucka,51.313431,14.703437,Elbe
866,MYOSD866_2016-06_1,"Krautsand, Elbe",53.7383227,9.4013484,Elbe
867,MYOSD867_2016-06_1,"Emscher, Oberhausen",51.4932,6.859485,Rhine
868,MYOSD898_2016-06_1,"Berlin, Spree",52.529304,13.276658,Elbe
872,MYOSD872_2016-06_1,"Ostsee, Lohme",54.58476667,13.60943333,Baltic Sea
875,MYOSD875_2016-06_1,Neust_dter Bucht,54.525,10.4914,Baltic Sea
876,MYOSD876_2016-06_1,DEK Amelsb•À_ren,51.888525,7.606655556,Ems
877,MYOSD877_2016-06_1,"B•À_sum, Nordsee",54.1244784,8.848141,North Sea
878,MYOSD878_2016-06_1,B•À_sum Perlebucht,54.13575344,8.84037641,North Sea
879,MYOSD879_2016-06_1,"Werdersee, Bremen",53.06352211,8.838101579,Weser
880,MYOSD880_2016-06_1,"Nieste, Zufluss zur Fulda",51.31250905,9.560594559,Weser
881,MYOSD881_2016-06_1,"Varel-Dangast, Jadebusen",53.445175,8.107092,Weser
882,MYOSD882_2016-06_1,Strand Ahrenshoop,54.386349,12.427381,Baltic Sea
883,MYOSD883_2016-06_1,Boddenufer Ahrenshoop,54.3682145,12.41756826,Baltic Sea
884,MYOSD884_2016-06_1,"Augustusbr•À_cke, Dresden",51.05658333,13.73883333,Elbe
885,MYOSD885_2016-06_1,"Bremen, Weser",53.09671794,8.761626371,Weser
886,MYOSD886_2016-06_1,"Bremen, Weser",53.058262,8.830004,Weser
887,MYOSD887_2016-06_1,"Borkum, Hafenbecken, Nordsee",53.56221667,6.747333333,North Sea
888,MYOSD888_2016-06_1,"Hennigsdorf, Havel",52.61380556,13.20530556,Elbe
890,MYOSD890_2016-06_1,"Nordstrand, Strucklahnungsh_rn, F_hranleger",54.04393333,8.8566,North Sea
891,MYOSD891_2016-06_1,"Sylt, Morsum, Dikwai, s•À_dl. Katrevel",54.84757982,8.410487724,North Sea
892,MYOSD892_2016-06_1,"Martinianleger, Weser, Bremen",53.07413889,8.804194444,Weser
893,MYOSD893_2016-06_1,"Treene, S•À_derh_ft, NATO-Br•À_cke",54.3734,9.25635,Eider
894,MYOSD894_2016-06_1,SW Sylt Keitum,54.87626692,8.36382726,North Sea
895,MYOSD895_2016-06_1,"Sylt, List, vor Alfred-Wegner-Institut",55.022215,8.4408552,North Sea
896,MYOSD896_2016-06_1,"Weser, Schlachte, nah an der B•À_rgermeister-Schmidt-Br•À_cke",53.077474,8.799843,Weser
899,MYOSD899_2016-06_1,"Schleswig, Schlei, N_he Stadtpark K_nigswiesen",54.51147235,9.565703487,Baltic Sea
900,MYOSD900_2016-06_1,"Oldenburg, Am Stau, alter Kran",53.14041667,8.220611111,Weser
901,MYOSD901_2016-06_1,"Helgoland D•À_ne, Anleger D•À_nenf_hre",54.182468,7.90612,North Sea
902,MYOSD902_2016-06_1,"Ostsee, NW Hiddensee, Station 09",54.623333,13.028333,Baltic Sea
903,MYOSD903_2016-06_1,"Wagenfeld-Str_hen, Tierpark, Gro_e Aue",52.53345537,8.69274698,Weser
904,MYOSD904_2016-06_1,Seebr•À_cke Binz,54.40229951,13.61541465,Baltic Sea
905,MYOSD905_2016-06_1,Kalfamer Strand,53.687944,7.052194,North Sea
908,MYOSD908_2016-06_1,"Saale, Kajakanlegestelle nach der Br•À_cke in Z_llnitz",50.966919,11.634617,Elbe
911,MYOSD911_2016-06_1,"Spree, Berlin",52.4761018,13.4947708,Elbe
912,MYOSD912_2016-06_1,Wei_enfels Saale,51.218056,11.988056,Elbe
913,MYOSD913_2016-06_1,"Borkum, Hoge H_rn",53.60775,6.803567,North Sea
914,MYOSD914_2016-06_1,"Leine, G_ttingen",51.538665,9.920241,Weser
915,MYOSD915_2016-06_1,"Jan-Reiners-Wanderweg, Naturschutzgebiet Untere W•À_mme",53.1337789,8.8941746,Weser
916,MYOSD916_2016-06_1,"Berlin, Panke",52.58344,13.42895,Elbe
917,MYOSD917_2016-06_1,L•À_beck Trave,53.843657,10.646106,Schlei/Trave
918,MYOSD918_2016-06_1,Spree bei Halbendorf,51.299243,14.557148,Elbe
920,MYOSD920_2016-06_1,"Harrier Sand, Weser",53.333233,8.498033,Weser
921,MYOSD921_2016-06_1,"Wittenberger Strand, Elbe",53.56376,9.754188,Elbe
922,MYOSD922_2016-06_1,M•À_nstersche Aa,51.961954,7.553052,Ems
923,MYOSD923_2016-06_1,M•À_ndung Jade/Wapel in Jadebusen,53.445163,8.106984,Weser
924,MYOSD924_2016-06_1,Haarenbiederengung Oldenburg,53.144985,8.178327,Weser
925,MYOSD925_2016-06_1,Leine Niedernjesa,51.476309,9.921944,Weser
926,MYOSD926_2016-06_1,"G_ttingen, Grone",51.534896,9.903915,Weser
927,MYOSD927_2016-06_1,Diekmannshausen Jadebusen,53.3881277,8.2047682,Weser
930,MYOSD930_2016-06_1,"Oberhammelwarden, Weser",53.277111,8.483667,Weser
931,MYOSD931_2016-06_1,"G_ttingen, Leine Wehr",51.5105968,9.9226995,Weser
932,MYOSD932_2016-06_1,"Ostsee, Schilksee, Kiel",54.42677,10.171904,Baltic Sea
933,MYOSD933_2016-06_1,26931 Elsfleth / Oberhammelwarden,53.27743901,8.483498795,Weser
934,MYOSD934_2016-06_1,"Wr_hm_nnerpark, Berlin-Spandau",52.541627,13.208101,Elbe
935,MYOSD935_2016-06_1,"Priwall, Ostsee, L•À_beck",53.95813328,10.89231393,Baltic Sea
936,MYOSD936_2016-06_1,"Baltrum, Nordsee",53.7329133,7.3802633,North Sea
937,MYOSD937_2016-06_1,Ems,53.06093,7.281581,Ems
938,MYOSD938_2016-06_1,"Berlin, Langer See",52.39077,13.641925,Elbe
941,MYOSD941_2016-06_1,"G_ttingen, Leine",51.509814,9.922711,Weser
942,MYOSD942_2016-06_1,"Saale, Wettin",51.581897,11.810989,Elbe
943,MYOSD943_2016-06_1,"Westoverledingen, Leda",53.215306,7.426556,Ems
944,MYOSD944_2016-06_1,"Erkner, D_meritzsee",52.422778,13.733889,Elbe/Lake
945,MYOSD945_2016-06_1,"Langeoog, Nordsee",53.75246,7.47596,North Sea
946,MYOSD946_2016-06_1,"Sch_nberger Au, Kalifornien",54.42696967,10.38349628,Schlei/Trave
947,MYOSD947_2016-06_1,"L•À_tzel, L•À_tzelbach",50.965795,8.175966,Weser
948,MYOSD948_2016-06_1,"Celle , Aller",52.6277479,10.0787976,Weser
950,MYOSD950_2016-06_1,"Wedel, Strand, Elbe",53.568379,9.7061415,Elbe
952,MYOSD952_2016-06_1,"Berlin, Wannsee, Havel",52.429521,13.182342,Elbe
953,MYOSD953_2016-06_1,"Trebel, Nehringen",53.99604899,12.82924636,Warnow/Peene
955,MYOSD955_2016-06_1,"Braunschweig, Oker (BS_A2)",52.27684,10.51237,Weser
956,MYOSD956_2016-06_1,"Braunschweig, Oker (BS_WK3)",52.27004,10.51501,Weser
957,MYOSD957_2016-06_1,"Werdersee, Bremen",53.06753076,8.821873879,Weser
962,MYOSD962_2016-06_1,"Fehmarn, Ostsee Bucht",54.446667,11.004667,Baltic Sea
963,MYOSD963_2016-06_1,"Norderney, Nordstrand",53.723654,7.265955,North Sea
965,MYOSD965_2016-06_1,"Berlin, Wuhle",52.47833,13.56444,Elbe
966,MYOSD966_2016-06_1,"Wittenberge, Am F_hrmann",52.99028322,11.74247738,Elbe
967,MYOSD967_2016-06_1,Gr•À_newalddstra_e. Mittelriede Br•À_cke,52.27624711,10.55715208,Weser
968,MYOSD968_2016-06_1,"Lune, Ort Loxstedt-Nesse",53.4561795,8.60390873,Weser
970,MYOSD970_2016-06_1,"Braunschweig, Oker (BS_OK_1)",52.25805,10.530446,Weser
971,MYOSD971_2016-06_1,Nordstrand Helgoland,54.187778,7.879444,North Sea
972,MYOSD972_2016-06_1,"Amrum, Nebel Oststrand",54.648883,8.363317,North Sea
973,MYOSD973_2016-06_1,"Warnowufer, Rostock",54.0943741,12.12150209,Warnow/Peene
974,MYOSD974_2016-06_1,"Berlin, Spree, Andreas Schule 1",52.5017443,13.4480373,Elbe
975,MYOSD975_2016-06_1,Nds,52.505289,10.410297,Weser
976,MYOSD976_2016-06_1,"Braunschweig, Oker (BS_E2)",52.24917,10.52475607,Weser
979,MYOSD979_2016-06_1,"Elbe Magdeburg, Anleger Herrenkrugsteg",52.154114,11.674697,Elbe
981,MYOSD981_2016-06_1,"Sylt, Kampen, Rotes Kliff",54.95348434,8.32416166,North Sea
982,MYOSD982_2016-06_1,"Bremen, Weser",53.16928747,8.61971032,Weser
983,MYOSD983_2016-06_1,"Brandenburg, Spree",52.3898066,13.7678016,Elbe
984,MYOSD984_2016-06_1,"Berlin, Panke",52.57040758,13.39358833,Elbe
985,MYOSD985_2016-06_1,"Hafen, Spiekeroog",53.764273,7.695924,North Sea
986,MYOSD986_2016-06_1,"Rheda-Wiedenbr•À_ck, Ems",51.8502179,8.2985696,Ems
987,MYOSD987_2016-06_1,"Birkenwerder, Briese",52.687237,13.267585,Elbe
988,MYOSD988_2016-06_1,"Museumshafen, B•À_sum",54.12778264,8.85769148,North Sea
991,MYOSD991_2016-06_1,"Braunschweig, Oker (BS_WK1)",52.257245,10.520367,Weser
994,MYOSD994_2016-06_1,Bille,53.604172,10.438212,Elbe
997,MYOSD997_2016-06_1,"Wilhelmshaven, Nassauhafen",53.514483,8.15149,North Sea
999,MYOSD999_2016-06_1,"Hooge, S•À_derdeich Hanswarft",54.55863076,8.544698178,North Sea
1000,MYOSD1000_2016-06_1,"Dresden - Johannstadt, Elbe",51.06237831,13.76933715,Elbe
1002,MYOSD1002_2016-06_1,"Hamburg, Elbe",53.4733681,10.0072382,Elbe
1003,MYOSD1003_2016-06_1,"Saalfeld/Saale, G_ritzwehr",50.66198,11.36157,Elbe
1004,MYOSD1004_2016-06_1,Marina Hafelbaude,52.68457174,13.24496269,Elbe
1005,MYOSD1005_2016-06_1,"Speicherbecken, Leyh_rn",53.536038,7.038782,North Sea
1007,MYOSD1007_2016-06_1,Greifswalder Oie,54.24423,13.90919,Baltic Sea
1008,MYOSD1008_2016-06_1,Watt am Dyksterkrug,53.477181,7.025948,North Sea
1009,MYOSD1009_2016-06_1,"Barther Bodden, Gro_e Grabow",54.39337329,12.87930761,Baltic Sea
1010,MYOSD1010_2016-06_1,Badestelle Hedwigenkoog,54.180833,8.801111,North Sea
1011,MYOSD1011_2016-06_1,"Hase, Osnabr•À_ck",52.28943554,8.03013674,Ems
1013,MYOSD1013_2016-06_1,M•À_hlenau,54.35061133,10.46860696,Schlei/Trave
1015,MYOSD1015_2016-06_1,"Stralauer Alle 1, Berlin",52.50183,13.447959,Elbe
1016,MYOSD1016_2016-06_1,"Wilhelmshavener Hundestrand, Nordsee",53.51492867,8.154701544,North Sea
1017,MYOSD1017_2016-06_1,"Beesten, Gro_e Aa",52.4412828,7.5038332,Ems
1019,MYOSD1019_2016-06_1,"Oste, Bremerv_rde",53.471383,9.14265,Elbe
1021,MYOSD1021_2016-06_1,Sellin Seebr•À_cke,54.38434449,13.70035885,Baltic Sea
1022,MYOSD1022_2016-06_1,"Peene, Meyenkrebs",53.916418,13.03446257,Warnow/Peene
1023,MYOSD1023_2016-06_1,Zeltplatz Freesenbruch,54.44280796,12.65921322,Baltic Sea
1024,MYOSD1024_2016-06_1,"Schlachte, Bremen",53.08087,8.78994,Weser
1027,MYOSD1027_2016-06_1,Spree,52.581125,13.2739747,Elbe/Lake
1028,MYOSD1028_2016-06_1,"Nuthe, saarmund",52.32142576,13.13143985,Elbe
1029,MYOSD1029_2016-06_1,"Langeoog, Hauptstrand",53.751624,7.470864,North Sea
1031,MYOSD1031_2016-06_1,"Amrum, Strand, Nebel",54.647329,8.318435,North Sea
1032,MYOSD1032_2016-06_1,Elbe,53.5441963,9.9119226,Elbe
1033,MYOSD1033_2016-06_1,"Langeoog, Seedechsiel",53.741317,7.50481,North Sea
1034,MYOSD1034_2016-06_1,"Griebnitzsee, Berlin",52.3985702,13.1348094,Elbe
1035,MYOSD1035_2016-06_1,"Berlin, St_lpchensee",52.4094028,13.1388594,Elbe
1036,MYOSD1036_2016-06_1,Dedesdorf,53.443233,8.498217,Weser
1037,MYOSD1037_2016-06_1,"Oldenburg, Hunte-Wasserkraftwerk",53.12537,8.2134,Weser
1038,MYOSD1038_2016-06_1,"Huntebr•À_ck, Hunte",53.20051,8.44778,Weser
1039,MYOSD1039_2016-06_1,"T_nning, Eider",54.31437045,8.9439392,Eider
1041,MYOSD1041_2016-06_1,"L_ningen, Hase",52.7235027,7.7229472,Ems
1042,MYOSD1042_2016-06_1,"Leine, Hagenweg, G_ttingen",51.5488483,9.9178185,Weser
1043,MYOSD1043_2016-06_1,"Geestem•À_ndung, Bremerhaven",53.5341122,8.58400167,Weser
1044,MYOSD1044_2016-06_1,Oker,52.286545,10.507399,Weser
1045,MYOSD1045_2016-06_1,Ansteuerung Libben,54.58772,13.17419,Baltic Sea
1047,MYOSD1047_2016-06_1,"Osnabr•À_ck, Zum D•À_tekolk",52.2453994,8.0062048,Ems
1048,MYOSD1048_2016-06_1,"G_ttingen, Leine",51.54193825,9.91997568,Weser
1049,MYOSD1049_2016-06_1,"Eckernf_rde, Ostsee",54.45034336,9.8580263,Baltic Sea
1052,MYOSD1052_2016-06_1,Falkenstein Strand,54.39792,10.19061,Baltic Sea
1053,MYOSD1053_2016-06_1,Saale,51.49407,11.94492876,Elbe
1054,MYOSD1054_2016-06_1,"Wremen, Nordsee",53.6456641,8.492500623,North Sea
1055,MYOSD1055_2016-06_1,Wedel Elbe,53.568246,9.702692,Elbe
1057,MYOSD1057_2016-06_1,"Wuhle, unter der S-Bahn an der Br•À_cke (S-Bhf-Berlin-K_penick) str,",52.459519,13.576477,Elbe
1058,MYOSD1058_2016-06_1,Wallstra_e Berlin,52.5142709,13.4134401,Elbe
1059,MYOSD1059_2016-06_1,Neuwarper See,53.70510663,14.26583164,Baltic Sea
1060,MYOSD1060_2016-06_1,"Wolfenb•À_ttel, Oker",52.157262,10.544989,Weser
1061,MYOSD1061_2016-06_1,"Museumshafen, Flensburg",54.79449341,9.433447625,Baltic Sea
1062,MYOSD1062_2016-06_1,"Dahme-Spree, Luisenhain",52.445585,13.573203,Elbe
1063,MYOSD1063_2016-06_1,Hunte / Pandsgraben,53.1520266,8.3096927,Weser
1064,MYOSD1064_2016-06_1,"Braunschweig, Oker (BS_WK2)",52.26382,10.50949,Weser
1065,MYOSD1065_2016-06_1,"zwischen Laboe und Stein, Au_enf_rde Ostsee. Laboe An der Au 2",54.415944,10.239667,Baltic Sea
1066,MYOSD1066_2016-06_1,"Kassel, Fulda",51.312244,9.503947,Weser
1068,MYOSD1068_2016-06_1,"Nordstrand, Strucklahnungsh_rn",54.497634,8.806944,North Sea
1070,MYOSD1070_2016-06_1,"Kieler F_rde,Ostsee",54.3141458,10.1377882,Baltic Sea
1075,MYOSD1075_2016-06_1,"Kassel, Fulda",51.310556,9.503056,Weser
1076,MYOSD1076_2016-06_1,"Spiekeroog, Strand",53.781445,7.727023,North Sea
1077,MYOSD1077_2016-06_1,"Fulda, Horasbach",50.565556,9.663589,Weser
1078,MYOSD1078_2016-06_1,"Walsleben, Temnitz",52.937083,12.666964,Elbe
1080,MYOSD1080_2016-06_1,"Wilhelmshaven, S•À_dstrand",53.509619,8.115061,Weser
1082,MYOSD1082_2016-06_1,"Strande, Ostsee",54.433456,10.171443,Baltic Sea
1084,MYOSD1084_2016-06_1,"Wahlhausen, Werra",51.29169443,9.977484973,Weser
1085,MYOSD1085_2016-06_1,Hafen Juist,53.673652,6.998817,North Sea
1086,MYOSD1086_2016-06_1,Steinbacherweg Helsa,51.22859179,9.669984849,Weser
1087,MYOSD1087_2016-06_1,"Warnem•À_nde, Ostsee",54.18252596,12.08101757,Baltic Sea
1088,MYOSD1088_2016-06_1,"Sylt, Ellenbogen",55.053473,8.43583,North Sea
1089,MYOSD1089_2016-06_1,"Fulda, Nikolaus-Br•À_cke",50.5602089,9.6608287,Weser
1090,MYOSD1090_2016-06_1,"Gr•À_nstra_enbr•À_cke, Berlin Mitte (Fischerinsel)",52.51187855,13.40572676,Elbe
1092,MYOSD1092_2016-06_1,"Bremen, Weser",53.077,8.8,Weser
1093,MYOSD1093_2016-06_1,"Spree, Berlin",52.45469157,13.54912584,Elbe
1096,MYOSD1096_2016-06_1,"Sankt Peter-Ording, Ording Pfahlbau Silberm_we",54.3353882,8.5913217,North Sea
1097,MYOSD1097_2016-06_1,"Drage, Elbe",53.42191427,10.28003284,Elbe
1098,MYOSD1098_2016-06_1,"Geestem•À_ndung, Bremerhaven",53.53687371,8.581205048,Weser
1099,MYOSD1099_2016-06_1,"Baumschulenweg, Britzer Verbindungskanal",52.458781,13.478224,Elbe
1100,MYOSD1100_2016-06_1,"Jena,Saale",50.923917,11.587667,Elbe
1101,MYOSD1101_2016-06_1,"Barchfeld, Werra",50.808624,10.282106,Weser
1103,MYOSD1103_2016-06_1,"Bremerv_rde, Oste",53.480615,9.1553996,Elbe
1105,MYOSD1105_2016-06_1,Schaprode Bodden,54.515,13.125,Baltic Sea
1107,MYOSD1107_2016-06_1,"Halle, Nebenarm der Saale",51.485401,11.951902,Elbe
1108,MYOSD1108_2016-06_1,"HST, Lotsenhaus",54.315508,13.098788,Baltic Sea
1109,MYOSD1109_2016-06_1,Ruden,54.201547,13.769286,Baltic Sea
1110,MYOSD1110_2016-06_1,"Vitter, Bodden",54.515,13.125,Baltic Sea
1111,MYOSD1111_2016-06_1,G_ttingen,51.472976,9.922991,Weser
1112,MYOSD1112_2016-06_1,"H_rstel, Mittelandkanal",52.280814,7.605567,Ems
1113,MYOSD1113_2016-06_1,Rohne Oberhausen,51.453855,11.50026,Elbe
1115,MYOSD1115_2016-06_1,Wilhelmshaven,53.520505,8.164375,North Sea
1116,MYOSD1116_2016-06_1,"Kugelbake, Elbe",53.892041,8.68698,North Sea
1117,MYOSD1117_2016-06_1,"Kiel, Heikendorfer Strand",54.381232,10.200379,Baltic Sea
1121,MYOSD1121_2016-06_1,Helgoland Binnenrede Ecke Zollamt,54.179206,7.889285,North Sea
1122,MYOSD1122_2016-06_1,"Bremen, Weser",53.0767315,8.801002812,Weser
1123,MYOSD1123_2016-06_1,"Ottersberg, W•À_mme",53.109722,9.1375,Weser
1124,MYOSD1124_2016-06_1,"Berlin, kleiner Wansee",52.419323,13.17122,Elbe
1125,MYOSD1125_2016-06_1,nebel auf Amrum,54.655,8.36,North Sea
1127,MYOSD1127_2016-06_1,Sploog Wetterkante,53.76036579,7.731818366,North Sea
1128,MYOSD1128_2016-06_1,Hansa Hafen Kaispitze,53.531956,9.994253,Elbe
1129,MYOSD1129_2016-06_1,"Sylt, H_rnum Hafen",54.757572,8.293889,North Sea
1130,MYOSD1130_2016-06_1,Kiel,54.3366142,10.156699,Baltic Sea
1132,MYOSD1132_2016-06_1,"Coswig, Elbe, K_titz bei Dresden",51.114689,13.570348,Elbe
1135,MYOSD1135_2016-06_1,"Strande, B•À_lk",54.456341,10.1919783,Baltic Sea
1136,MYOSD1136_2016-06_1,"Werdau, Pleisse",50.754244,12.373456,Elbe
1138,MYOSD1138_2016-06_1,Braunschweig Oker,52.27304,10.524,Weser
1142,MYOSD1142_2016-06_1,Braunschweig Oker,52.2661,10.53382,Weser
1143,MYOSD1143_2016-06_1,"Daenisch Nienhof, Ostsee",54.4848594,10.120856,Baltic Sea
1145,MYOSD1145_2016-06_1,Kiel,54.32982982,10.1492604,Baltic Sea
1146,MYOSD1146_2016-06_1,Kiel,54.329702,10.14928353,Baltic Sea
1148,MYOSD1148_2016-06_1,Kiel,54.32982982,10.1492604,Baltic Sea
1149,MYOSD1149_2016-06_1,"Kiel, Foerde",54.328167,10.151333,Baltic Sea
1150,MYOSD1150_2016-06_1,"Eckenfoerde, Ostsee",54.4689457,9.8384467,Baltic Sea
1151,MYOSD1151_2016-06_1,Kiel,54.32982982,10.14926,Baltic Sea
1152,MYOSD1152_2016-06_1,"Landwehr, Nord-Ostsee-Kanal",54.34803537,9.98341,Eider
1153,MYOSD1153_2016-06_1,Kiel,54.329702,10.149283,Baltic Sea
1154,MYOSD1154_2016-06_1,Gadeland baggersee Neumuenster,54.040895,10.021172,Elbe/Lake
1155,MYOSD1155_2016-06_1,"Aschau, Ostsee",54.462184,9.932543,Baltic Sea
1156,MYOSD1156_2016-06_1,"Hamburg, Landungsbruecken",53.5449,9.9707,Elbe
1157,MYOSD1157_2016-06_1,NO Kanal,54.344558,9.984603,Eider
1158,MYOSD1158_2016-06_1,Kiel,54.329702,10.14928353,Baltic Sea
1159,MYOSD1159_2016-06_1,Ostseestrand wild,54.84061,9.528025,Baltic Sea
1161,MYOSD1161_2016-06_1,Kiel,54.329702,10.149283,Baltic Sea
1162,MYOSD1162_2016-06_1,"Braunschweig, Oker",52.22101,10.50959,Weser
1164,MYOSD1164_2016-06_1,"Hunnau, Ahrensburg",53.672716,10.255826,Elbe
1165,MYOSD1165_2016-06_1,"Bad Oldesloe, Trave",53.81281535,10.37001416,Schlei/Trave
1166,MYOSD1166_2016-06_1,"Erkner, L_cknitz, Spreezufluss",52.4259364,13.752508,Elbe
1167,MYOSD1167_2016-06_1,"Elpersb•À_ttel, Badestelle",54.0885951,8.9530405,North Sea
1168,MYOSD1168_2016-06_1,"Erkner, Flakensee - Spree",52.43812,13.765291,Elbe/Lake
1169,MYOSD1169_2016-06_1,"Nabu, Trieschen",54.048268,8.682416,North Sea
1171,MYOSD1171_2016-06_1,Bank oestl. Damm,54.583833,10.14185,Baltic Sea
1174,MYOSD1174_2016-06_1,"Landwehr, Nord-Ostsee-Kanal",54.355,9.98341,Eider
1176,MYOSD1176_2016-06_1,"Preetz, Kirchsee",54.2309071,10.282842,Schlei/Trave/Lake
1177,MYOSD1177_2016-06_1,Kiel,54.329829,10.14926,Baltic Sea
1179,MYOSD1179_2016-06_1,Kiel,54.329829,10.14426,Baltic Sea
1180,MYOSD1180_2016-06_1,"Berlin,  Gro_er Malchsee/ Tegeler See/ Havel",52.591359,13.262244,Elbe
1182,MYOSD1182_2016-06_1,"Berlin, Havel",52.512675,13.2029,Elbe
1183,MYOSD1183_2016-06_1,"Halle, Saale",51.505848,11.957141,Elbe
1184,MYOSD1184_2016-06_1,"Westerhever, Stuffhusen, Badestelle",54.39602655,8.662607402,North Sea
1185,MYOSD1185_2016-06_1,"Westerhever, T•À_mmlauer Bucht, T•À_mmlauer Hafen",54.35301626,8.674055624,North Sea
1186,MYOSD1186_2016-06_1,"St. Peter-Ording, St Peter Dorf, S•À_dstrand, Pfahlbau Strandh•À_tte",54.298389,8.612833,North Sea
1187,MYOSD1187_2016-06_1,"Helgoland, Nordhafen",54.1794,7.8885,North Sea
1188,MYOSD1188_2016-06_1,"Stralsund, Sundpromenade, hinter Schill-Anlage",54.319257,13.090558,Baltic Sea
1189,MYOSD1189_2016-06_1,"Kiel, Ostsee",54.314314,10.137916,Baltic Sea
1192,MYOSD1192_2016-06_1,"Scharbeutz, Ostsee",54.025718,10.7590915,Baltic Sea
1193,MYOSD1193_2016-06_1,"Berlin, Spree",52.540001,13.329458,Elbe
1195,MYOSD1195_2016-06_1,"Wehrstra_e/ Maschwehr, Braunschweig, Oker",52.269167,10.532222,Weser
1196,MYOSD1196_2016-06_1,"Hamburg Nettelnburg, Dove Elbe, Kurf•À_rstendeich",53.466716,10.193739,Elbe
1198,MYOSD1198_2016-06_1,Kiel Schwentine,54.32732288,10.1895516,Schlei/Trave
1199,MYOSD1199_2016-06_1,"Wismar, Hafenbecken Historischer Hafen",53.89949458,11.45893704,Baltic Sea
1200,MYOSD1200_2016-06_1,"Prerow, Nordstrand",54.4712421,12.5235916,Baltic Sea
1201,MYOSD1201_2016-06_1,"Westerhever, Leuchtturm, S•À_dtrichter",54.3753692,8.634745693,North Sea
1202,MYOSD1202_2016-06_1,Hunte,53.0955,8.1951,Weser
1203,MYOSD1203_2016-06_1,Fahrrad- und Fu_g_ngerbr•À_cke •À_ber die Leine bei Wettensen,52.008953,9.804929,Weser
1204,MYOSD1204_2016-06_1,"Kiel, Eider",54.288024,10.075987,Eider
1206,MYOSD1206_2016-06_1,"Berlin, Spree",52.50172099,13.44796065,Elbe
1207,MYOSD1207_2016-06_1,Ostseebad Heringsdorf/ Usedom,53.95839253,14.17536484,Baltic Sea
1208,MYOSD1208_2016-06_1,Langene_ bei Rixwarft/ Nordsee,54.617939,8.548071,North Sea
1210,MYOSD1210_2016-06_1,"Preetz, Schwentine",54.22683594,10.28452991,Schlei/Trave
1211,MYOSD1211_2016-06_1,Oldenburg/M_hlenhunte,53.136458,8.216749,Weser
1213,MYOSD1213_2016-06_1,"Meldorf, s•À_dlich Hafeneinfahrt, Badestrand",54.08773377,8.953674543,North Sea
1214,MYOSD1214_2016-06_1,"Bereich Schleim•À_nde/Ostsee, H_he Vogelschutzstation Jordsand e.V.",54.700674,10.015434,Baltic Sea
1215,MYOSD1215_2016-06_1,"Otterndorf, Elbe",53.829333,8.897167,North Sea
1216,MYOSD1216_2016-06_1,Schuntersiedlung/ Braunschweig,52.29741596,10.54775264,Weser
1217,MYOSD1217_2016-06_1,"Diethensdorf, Sachsen",50.930892,12.850314,Elbe
1218,MYOSD1218_2016-06_1,"Nordsee, upleward",53.42047777,7.011518264,North Sea
1221,MYOSD1221_2016-06_1,"Hallig Hooge, Nordsee",54.55826887,8.545062828,North Sea
1224,MYOSD1224_2016-06_1,Badbergen,52.64938886,8.002052,Ems
1225,MYOSD1225_2016-06_1,"Hamburger Hallig, Westlich vom Halligkoog, Strandweg",54.59975921,8.811543107,North Sea
1227,MYOSD1227_2016-06_1,"Langeoog, Schloppsee",53.752608,7.51901,North Sea
1231,MYOSD1231_2016-06_1,"Wernerwald, Cuxhaven, Nordsee",53.857972,8.587236,North Sea
1232,MYOSD1232_2016-06_1,"Harriersand, Weser-Flu_insel",53.30929788,8.496481419,Weser
1233,MYOSD1233_2016-06_1,Havel Hennigsdorf,52.635468,13.214923,Elbe
1237,MYOSD1237_2016-06_1,"Havel, Grosses Fenster",52.450607,13.189831,Elbe
1240,MYOSD1240_2016-06_1,"Berlin, Spree",52.541259,13.332565,Elbe
1242,MYOSD1242_2016-06_1,"Baltrum, Nordsee",53.7209116,7.4046866,North Sea
1243,MYOSD1243_2016-06_1,"Elsfelth, Weser",53.258611,8.478611,Weser
1245,MYOSD1245_2016-06_1,"Kuhle, Ostsee",54.646583,13.28175,Baltic Sea
1246,MYOSD1246_2016-06_1,"Strelasund, Devin",54.271667,13.15,Baltic Sea
1247,MYOSD1247_2016-06_1,"P1 - P6 Warnow, Warnem•À_nde",54.179317,12.091845,Baltic Sea
1248,MYOSD1248_2016-06_1,"Bremen, Werdersee",53.058262,8.830004,Weser
1252,MYOSD1252_2016-06_1,Freiberger Mulde,50.913946,13.383523,Elbe
1257,MYOSD1257_2016-06_1,"Bremen Strom, Ochtum im tideabh_ngigen Bereich",53.089528,8.669777,Weser
1259,MYOSD1259_2016-06_1,"Rostock, Hohe D•À_ne",54.178738,12.108873,Baltic Sea
1260,MYOSD1260_2016-06_1,Beke bei Ziesendorf,53.97445121,12.02976451,Warnow/Peene
1263,MYOSD1263_2016-06_1,Schwentine,54.28098714,10.26523635,Schlei/Trave
1264,MYOSD1264_2016-06_1,"Anlegestelle vor Gosch, Warnem•À_nde",54.180453,12.087224,Baltic Sea
1267,MYOSD1267_2016-06_1,"Strandbad Stralsund, Ostsee",54.332033,13.082367,Baltic Sea
1271,MYOSD1271_2016-06_1,Kr_sliner See (Ostsee),54.11982598,13.75613381,Baltic
1272,MYOSD1272_2016-06_1,Nieste (fliesst in Fulda),51.31250905,9.560594559,Weser
1273,MYOSD1273_2016-06_1,"Hildesheim, Innerste",52.139082,9.954342,Weser
1274,MYOSD1274_2016-06_1,B•À_sum Warwerort _stlich Deichhausen,54.13360357,8.921241893,North Sea
1275,MYOSD1275_2016-06_1,"Berlin, Havel",52.42452953,13.1063872,Elbe
1276,MYOSD1276_2016-06_1,Trave in Gro_ R_nnau,53.9696097,10.31433251,Schlei/Trave
1277,MYOSD1277_2016-06_1,Halle Saale,51.505848,11.957141,Elbe
1281,MYOSD1281_2016-06_1,"Hamburg, Elbe",53.52160628,9.887593807,Elbe
1282,MYOSD1282_2016-06_1,Lipper Hafen,54.335699,10.649809,Baltic Sea
1283,MYOSD1283_2016-06_1,"Rietberg, Bibeldorf, Ems",51.811898,8.411675,Ems
1285,MYOSD1285_2016-06_1,"Neu Zittau, Spree",52.42814,13.676892,Elbe/Lake
1288,MYOSD1288_2016-06_1,"Schlesvig, Schlei",54.510272,9.587292,Baltic Sea
1290,MYOSD1290_2016-06_1,"Surfschule Juist, Wattseite",53.6730779,6.9909316,North Sea
1291,MYOSD1291_2016-06_1,"Greifswald, Ladebow Strand",54.110871,13.440503,Baltic Sea
1292,MYOSD1292_2016-06_1,"Greifswald, Ryck",54.0997588,13.3864545,Warnow/Peene
1293,MYOSD1293_2016-06_1,An der Emmer in Schieder,51.92058896,9.148713398,Weser
1294,MYOSD1294_2016-06_1,Wanne,50.56566711,9.760915255,Weser
1296,MYOSD1296_2016-06_1,"Fulda,nahe Quelle, Wasserkuppe",50.49117485,9.952804995,Weser
1297,MYOSD1297_2016-06_1,"Roter Pfahl, Nordsee",53.64074518,7.18319081,North Sea
1298,MYOSD1298_2016-06_1,"Spree, Bruno-B•À_rgel-Weg 125",52.45496163,13.54723296,Elbe
1300,MYOSD1300_2016-06_1,"Dannenb•À_ttel, Allerstra_e",52.49291694,10.62443085,Weser
1302,MYOSD1302_2016-06_1,"Rostock, Warnow",54.0920268,12.1231274,Warnow/Peene
1303,MYOSD1303_2016-06_1,Freiberger Mulde 01,50.9340211,13.3731866,Elbe
1304,MYOSD1304_2016-06_1,"Kiel, Suchsdorf Au",54.355819,10.075983,Schlei/Trave
1307,MYOSD1307_2016-06_1,Berlin Heiligensee,52.61370415,13.2148423,Elbe
1308,MYOSD1308_2016-06_1,"Sassnitz, Stadthafen",54.512927,13.645166,Baltic Sea
1309,MYOSD1309_2016-06_1,"Oscherleben, Bode",52.021389,11.226944,Elbe
1310,MYOSD1310_2016-06_1,Ems am Wedebecken,52.95856003,7.298597908,Ems
1311,MYOSD1311_2016-06_1,"B•À_rgerpark, Panke",52.570263,13.3934188,Elbe
1312,MYOSD1312_2016-06_1,"Berlin, Teltowkanal",52.434672,13.316382,Elbe
1313,MYOSD1313_2016-06_1,"Havel, Werder Eisenbahnbr•À_cke",52.3924344,12.9348358,Elbe
1314,MYOSD1314_2016-06_1,"Nordsee, Vollerwiek •À_bergang Wagenak",54.2839141,8.797856319,North Sea
1315,MYOSD1315_2016-06_1,"Sylt, List, s•À_dlich vom F_hranleger",55.01333715,8.42921583,North Sea
1323,MYOSD1323_2016-06_1,"Flensburg, Fahrensodde, Ostsee",54.822823,9.4680689,Baltic Sea
1325,MYOSD1325_2016-06_1,Hunte,53.137925,8.224714,Weser
1327,MYOSD1327_2016-06_1,"Lassan, Peenestrom",53.95123095,13.85506692,Baltic Sea
1329,MYOSD1329_2016-06_1,"Dageb•À_ll, Uferweg, Nordsee",54.72831808,8.69300765,North Sea
1331,MYOSD1331_2016-06_1,Altef_hr am Strelasund,54.3302418,13.1199951,Baltic Sea
1332,MYOSD1332_2016-06_1,Elbdeich bei Wittenberge,52.910378,11.850671,Elbe
1333,MYOSD1333_2016-06_1,"Husum, Au_enhafen",54.47406808,9.04366788,Eider
1334,MYOSD1334_2016-06_1,Berlin Spree Oberbaumbr•À_cke,52.50194,13.44739,Elbe
1335,MYOSD1335_2016-06_1,"Kringel, S•À_dhafen Helgoland",54.180061,7.881403,North Sea
1336,MYOSD1336_2016-06_1,"Plei_e, Luppe, Wei_e Elster (Fl•À_sse der 3. und 4. Ordnung zur Elbe)",51.300854,12.3733421,Elbe
1338,MYOSD1338_2016-06_1,"Nordsee, Langene_ bei Honkenswarft",54.64552167,8.619093333,North Sea
1339,MYOSD1339_2016-06_1,"Katinger Watt, Eider Nullfl_che",54.27107543,8.872169733,North Sea
1341,MYOSD1341_2016-06_1,"Berlin, DLRG Wasserrettungsstation Heckeshorn, Wannsee",52.43252052,13.16547793,Elbe
1342,MYOSD1342_2016-06_1,Weissfels Saale,51.204444,11.977222,Elbe
1343,MYOSD1343_2016-06_1,Haune,50.763371,9.68575,Weser
1345,MYOSD1345_2016-06_1,"Havel, Wr_hm_nnerpark",52.54161956,13.2081855,Elbe
1347,MYOSD1347_2016-06_1,S•À_dstrand Wilhelmshaven in Verl_ngerung der KW-Br•À_cke,53.51131969,8.137007999,North Sea
1348,MYOSD1348_2016-06_1,"Rahden, Auedamm, Kleine Aue",52.43146944,8.635920763,Weser
1351,MYOSD1351_2016-06_1,"Birkenwerder, Havel",52.69096242,13.249534,Elbe
1352,MYOSD1352_2016-06_1,"Gosen, Gosener Kanal, Spreezufluss",52.4030713,13.70483246,Elbe/Lake
1353,MYOSD1353_2016-06_1,"Bremen, Weser",53.06725683,8.822127628,Weser
1355,MYOSD1355_2016-06_1,Aller in Verden,52.91334182,9.227454877,Weser
1356,MYOSD1356_2016-06_1,"Bruchtorwall/ Kalenwall, Braunschweig",52.25944555,10.51828929,Weser
1357,MYOSD1357_2016-06_1,"Kleinmachnow, Teltowkanal (Schleuse)",52.39507375,13.20565927,Elbe
1359,MYOSD1359_2016-06_1,"Krumme Lanke, Berlin-Zehlendorf",52.45508099,13.23875518,Elbe
1360,MYOSD1360_2016-06_1,Saale in Halle,51.49562416,11.9513937,Elbe
1365,MYOSD1365_2016-06_1,"Fulda, Bonaforth/Neum•À_nden",51.4034393,9.6320561,Weser
1368,MYOSD1368_2016-06_1,Flensburger F_rde,54.7930488,9.4341909,Baltic Sea
1370,MYOSD1370_2016-06_1,"Hannover, Leine",52.40260107,9.651331115,Weser
1406,MYOSD1406_2016-06_1,"Alt Tellin, Tollense",53.85558459,13.1943282,Warnow/Peene
1407,MYOSD1407_2016-06_1,Sehrowbach,54.382083,13.267233,Warnow/Peene
1409,MYOSD1409_2016-06_1,"Helgoland, S•À_dhafen",54.176667,7.892917,North Sea
1410,MYOSD1410_2016-06_1,"Wangerooge, Nordsee",53.784825,7.891836,North Sean
