0ab62ab3fc56e4f611a6bdf50ea3c34d,OSD100-1m-depth_R1_shotgun_raw.fastq.gz,/bioinf/projects/osd/main/2014/06/pre-processing/shotgun/adapter-clipping/lgc/combined/Sample_OSD100-1m-depth/fastq/OSD100-1m-depth_R1.fastq.gz
d19f11bc6b49185b0a1d3179efd01897,OSD100-1m-depth_R2_shotgun_raw.fastq.gz,/bioinf/projects/osd/main/2014/06/pre-processing/shotgun/adapter-clipping/lgc/combined/Sample_OSD100-1m-depth/fastq/OSD100-1m-depth_R2.fastq.gz
ce370880ba05c8756910ff7a1475aa15,OSD101_R1_shotgun_raw.fastq.gz,/bioinf/projects/osd/main/2014/06/pre-processing/shotgun/adapter-clipping/lgc/combined/Sample_OSD101/fastq/OSD101_R1.fastq.gz
f9c9de2d3d8174768ee385c223edfce1,OSD101_R2_shotgun_raw.fastq.gz,/bioinf/projects/osd/main/2014/06/pre-processing/shotgun/adapter-clipping/lgc/combined/Sample_OSD101/fastq/OSD101_R2.fastq.gz
d853046292661caf41df98bc0324e585,OSD102_R1_shotgun_raw.fastq.gz,/bioinf/projects/osd/main/2014/06/pre-processing/shotgun/adapter-clipping/lgc/combined/Sample_OSD102/fastq/OSD102_R1.fastq.gz
b6986f5b6e2a3b13b9c483bcd138d169,OSD102_R2_shotgun_raw.fastq.gz,/bioinf/projects/osd/main/2014/06/pre-processing/shotgun/adapter-clipping/lgc/combined/Sample_OSD102/fastq/OSD102_R2.fastq.gz
d5639886c4c2ab00e88d5090e43e06b1,OSD103_R1_shotgun_raw.fastq.gz,/bioinf/projects/osd/main/2014/06/pre-processing/shotgun/adapter-clipping/lgc/combined/Sample_OSD103/fastq/OSD103_R1.fastq.gz
51e25f160ac5da40969ab3447917d413,OSD103_R2_shotgun_raw.fastq.gz,/bioinf/projects/osd/main/2014/06/pre-processing/shotgun/adapter-clipping/lgc/combined/Sample_OSD103/fastq/OSD103_R2.fastq.gz
2013981709868866c7c6637c68ba7338,OSD105_R1_shotgun_raw.fastq.gz,/bioinf/projects/osd/main/2014/06/pre-processing/shotgun/adapter-clipping/lgc/combined/Sample_OSD104/fastq/OSD104_R1.fastq.gz
8435f1aa1e75b82db585c3f45c6a967c,OSD105_R2_shotgun_raw.fastq.gz,/bioinf/projects/osd/main/2014/06/pre-processing/shotgun/adapter-clipping/lgc/combined/Sample_OSD104/fastq/OSD104_R2.fastq.gz
834297c5050b773d114b63864ceecce8,OSD106-0m-depth_R1_shotgun_raw.fastq.gz,/bioinf/projects/osd/main/2014/06/pre-processing/shotgun/adapter-clipping/lgc/combined/Sample_OSD105/fastq/OSD105_R1.fastq.gz
75703cdb1e9746679591b8af890267fe,OSD106-0m-depth_R2_shotgun_raw.fastq.gz,/bioinf/projects/osd/main/2014/06/pre-processing/shotgun/adapter-clipping/lgc/combined/Sample_OSD105/fastq/OSD105_R2.fastq.gz
ac280be9b306a8f2184b8af50f16fb7d,OSD106-15m-depth_R1_shotgun_raw.fastq.gz,/bioinf/projects/osd/main/2014/06/pre-processing/shotgun/adapter-clipping/lgc/combined/Sample_OSD106/fastq/OSD106_R1.fastq.gz
547fae1c9cf838e1957a0a76ee57fb2f,OSD106-15m-depth_R2_shotgun_raw.fastq.gz,/bioinf/projects/osd/main/2014/06/pre-processing/shotgun/adapter-clipping/lgc/combined/Sample_OSD106/fastq/OSD106_R2.fastq.gz
c64becd4cb70910efa1828c1f25e8ff9,OSD107_R1_shotgun_raw.fastq.gz,/bioinf/projects/osd/main/2014/06/pre-processing/shotgun/adapter-clipping/lgc/combined/Sample_OSD107/fastq/OSD107_R1.fastq.gz
b8cb6a73190e66dd88a330df0a82f6b9,OSD107_R2_shotgun_raw.fastq.gz,/bioinf/projects/osd/main/2014/06/pre-processing/shotgun/adapter-clipping/lgc/combined/Sample_OSD107/fastq/OSD107_R2.fastq.gz
cf2923bc71adb566b81213c90788da2c,OSD108_R1_shotgun_raw.fastq.gz,/bioinf/projects/osd/main/2014/06/pre-processing/shotgun/adapter-clipping/lgc/combined/Sample_OSD108/fastq/OSD108_R1.fastq.gz
be1d3e6cee79eac701eface38e35c6ef,OSD108_R2_shotgun_raw.fastq.gz,/bioinf/projects/osd/main/2014/06/pre-processing/shotgun/adapter-clipping/lgc/combined/Sample_OSD108/fastq/OSD108_R2.fastq.gz
ac4513fc77eb1dc445e38ef089c970dd,OSD109_R1_shotgun_raw.fastq.gz,/bioinf/projects/osd/main/2014/06/pre-processing/shotgun/adapter-clipping/lgc/combined/Sample_OSD109/fastq/OSD109_R1.fastq.gz
087d0427a39f2698835b597bf80655a9,OSD109_R2_shotgun_raw.fastq.gz,/bioinf/projects/osd/main/2014/06/pre-processing/shotgun/adapter-clipping/lgc/combined/Sample_OSD109/fastq/OSD109_R2.fastq.gz
aaafb50e82f02016b4a7239a1502f34f,OSD10_R1_shotgun_raw.fastq.gz,/bioinf/projects/osd/main/2014/06/pre-processing/shotgun/adapter-clipping/lgc/combined/Sample_OSD10/fastq/OSD10_R1.fastq.gz
e5382ed4dc2ecfc6013f2e3ce9983ba7,OSD10_R2_shotgun_raw.fastq.gz,/bioinf/projects/osd/main/2014/06/pre-processing/shotgun/adapter-clipping/lgc/combined/Sample_OSD10/fastq/OSD10_R2.fastq.gz
b4285aad18689aab25e7c543ee8af399,OSD110_R1_shotgun_raw.fastq.gz,/bioinf/projects/osd/main/2014/06/pre-processing/shotgun/adapter-clipping/lgc/combined/Sample_OSD110/fastq/OSD110_R1.fastq.gz
3862690dacfa4c1f157cf962d006fd1c,OSD110_R2_shotgun_raw.fastq.gz,/bioinf/projects/osd/main/2014/06/pre-processing/shotgun/adapter-clipping/lgc/combined/Sample_OSD110/fastq/OSD110_R2.fastq.gz
ec995f7581c28c7018a1c6c42ccf4cb5,OSD111_R1_shotgun_raw.fastq.gz,/bioinf/projects/osd/main/2014/06/pre-processing/shotgun/adapter-clipping/lgc/combined/Sample_OSD111/fastq/OSD111_R1.fastq.gz
f4ad772dbb596bc92dc94e33c574213b,OSD111_R2_shotgun_raw.fastq.gz,/bioinf/projects/osd/main/2014/06/pre-processing/shotgun/adapter-clipping/lgc/combined/Sample_OSD111/fastq/OSD111_R2.fastq.gz
0d16916c6fd7019676b510653eb65481,OSD113_R1_shotgun_raw.fastq.gz,/bioinf/projects/osd/main/2014/06/pre-processing/shotgun/adapter-clipping/lgc/combined/Sample_OSD113/fastq/OSD113_R1.fastq.gz
bad4eaec3e39f2e3dd506a94cc2dc984,OSD113_R2_shotgun_raw.fastq.gz,/bioinf/projects/osd/main/2014/06/pre-processing/shotgun/adapter-clipping/lgc/combined/Sample_OSD113/fastq/OSD113_R2.fastq.gz
61bb22afb64797dda67b55b350b032db,OSD114_R1_shotgun_raw.fastq.gz,/bioinf/projects/osd/main/2014/06/pre-processing/shotgun/adapter-clipping/lgc/combined/Sample_OSD114/fastq/OSD114_R1.fastq.gz
f2d14c611bd20c04d326d6a54ac18cb7,OSD114_R2_shotgun_raw.fastq.gz,/bioinf/projects/osd/main/2014/06/pre-processing/shotgun/adapter-clipping/lgc/combined/Sample_OSD114/fastq/OSD114_R2.fastq.gz
1c51db508edfbc0667a618d03da84650,OSD115_R1_shotgun_raw.fastq.gz,/bioinf/projects/osd/main/2014/06/pre-processing/shotgun/adapter-clipping/lgc/combined/Sample_OSD115/fastq/OSD115_R1.fastq.gz
ebeebd49a5e92a8878dc92f064a33f09,OSD115_R2_shotgun_raw.fastq.gz,/bioinf/projects/osd/main/2014/06/pre-processing/shotgun/adapter-clipping/lgc/combined/Sample_OSD115/fastq/OSD115_R2.fastq.gz
2f05ce88e36e368cce28fe0956ceb3c3,OSD116_R1_shotgun_raw.fastq.gz,/bioinf/projects/osd/main/2014/06/pre-processing/shotgun/adapter-clipping/lgc/combined/Sample_OSD116/fastq/OSD116_R1.fastq.gz
4dcf838a5584bd60f2c36fe9c5f6405d,OSD116_R2_shotgun_raw.fastq.gz,/bioinf/projects/osd/main/2014/06/pre-processing/shotgun/adapter-clipping/lgc/combined/Sample_OSD116/fastq/OSD116_R2.fastq.gz
efd14da23b5f6232e3699c6351b7a19e,OSD117_R1_shotgun_raw.fastq.gz,/bioinf/projects/osd/main/2014/06/pre-processing/shotgun/adapter-clipping/lgc/combined/Sample_OSD117/fastq/OSD117_R1.fastq.gz
055f8e26fb46a43728e74e851a0fe245,OSD117_R2_shotgun_raw.fastq.gz,/bioinf/projects/osd/main/2014/06/pre-processing/shotgun/adapter-clipping/lgc/combined/Sample_OSD117/fastq/OSD117_R2.fastq.gz
b8df746e2a80d3524c350368d68b3cd4,OSD118_R1_shotgun_raw.fastq.gz,/bioinf/projects/osd/main/2014/06/pre-processing/shotgun/adapter-clipping/lgc/combined/Sample_OSD118/fastq/OSD118_R1.fastq.gz
0cd0b5140c740c64b394d6f48276173f,OSD118_R2_shotgun_raw.fastq.gz,/bioinf/projects/osd/main/2014/06/pre-processing/shotgun/adapter-clipping/lgc/combined/Sample_OSD118/fastq/OSD118_R2.fastq.gz
187b0e50735fda771570d0936e6c9ec6,OSD122_R1_shotgun_raw.fastq.gz,/bioinf/projects/osd/main/2014/06/pre-processing/shotgun/adapter-clipping/lgc/combined/Sample_OSD122/fastq/OSD122_R1.fastq.gz
ffaa7018646f3561a3effacca091d48f,OSD122_R2_shotgun_raw.fastq.gz,/bioinf/projects/osd/main/2014/06/pre-processing/shotgun/adapter-clipping/lgc/combined/Sample_OSD122/fastq/OSD122_R2.fastq.gz
0062c2c4cfa144acbe276a2d721708fe,OSD123_R1_shotgun_raw.fastq.gz,/bioinf/projects/osd/main/2014/06/pre-processing/shotgun/adapter-clipping/lgc/combined/Sample_OSD123/fastq/OSD123_R1.fastq.gz
9d80c0ef136f4b2ff7e4b065e0593c54,OSD123_R2_shotgun_raw.fastq.gz,/bioinf/projects/osd/main/2014/06/pre-processing/shotgun/adapter-clipping/lgc/combined/Sample_OSD123/fastq/OSD123_R2.fastq.gz
7e410fcd63dcdea3e89584d54eb76afe,OSD124_R1_shotgun_raw.fastq.gz,/bioinf/projects/osd/main/2014/06/pre-processing/shotgun/adapter-clipping/lgc/combined/Sample_OSD124/fastq/OSD124_R1.fastq.gz
e013744ca5a5853d400b82bde9f14f4d,OSD124_R2_shotgun_raw.fastq.gz,/bioinf/projects/osd/main/2014/06/pre-processing/shotgun/adapter-clipping/lgc/combined/Sample_OSD124/fastq/OSD124_R2.fastq.gz
63de39371a9bf4e98a8732bc77687c35,OSD125_R1_shotgun_raw.fastq.gz,/bioinf/projects/osd/main/2014/06/pre-processing/shotgun/adapter-clipping/lgc/combined/Sample_OSD125/fastq/OSD125_R1.fastq.gz
2c4fe07f07bc5d6910b98a8012980602,OSD125_R2_shotgun_raw.fastq.gz,/bioinf/projects/osd/main/2014/06/pre-processing/shotgun/adapter-clipping/lgc/combined/Sample_OSD125/fastq/OSD125_R2.fastq.gz
1a94b0bb0abc99603315f0c3dfd5fe3f,OSD126_R1_shotgun_raw.fastq.gz,/bioinf/projects/osd/main/2014/06/pre-processing/shotgun/adapter-clipping/lgc/combined/Sample_OSD126/fastq/OSD126_R1.fastq.gz
921fd0293b9223bee53b96689b058d0d,OSD126_R2_shotgun_raw.fastq.gz,/bioinf/projects/osd/main/2014/06/pre-processing/shotgun/adapter-clipping/lgc/combined/Sample_OSD126/fastq/OSD126_R2.fastq.gz
986903e5019bbc65cc4db97e55a0275c,OSD127_R1_shotgun_raw.fastq.gz,/bioinf/projects/osd/main/2014/06/pre-processing/shotgun/adapter-clipping/lgc/combined/Sample_OSD127/fastq/OSD127_R1.fastq.gz
41a345632dd6961b5e910a7ddabf0465,OSD127_R2_shotgun_raw.fastq.gz,/bioinf/projects/osd/main/2014/06/pre-processing/shotgun/adapter-clipping/lgc/combined/Sample_OSD127/fastq/OSD127_R2.fastq.gz
aa364b1a0aaabb5e5e86a438ca18b93d,OSD128_R1_shotgun_raw.fastq.gz,/bioinf/projects/osd/main/2014/06/pre-processing/shotgun/adapter-clipping/lgc/combined/Sample_OSD128/fastq/OSD128_R1.fastq.gz
ee49368629c10e5a86f6757d128019d4,OSD128_R2_shotgun_raw.fastq.gz,/bioinf/projects/osd/main/2014/06/pre-processing/shotgun/adapter-clipping/lgc/combined/Sample_OSD128/fastq/OSD128_R2.fastq.gz
a89f52e33e261e69ef7a22fef52a11b7,OSD129_R1_shotgun_raw.fastq.gz,/bioinf/projects/osd/main/2014/06/pre-processing/shotgun/adapter-clipping/lgc/combined/Sample_OSD129/fastq/OSD129_R1.fastq.gz
9bcb37824fd78d0f7c235460feb800d3,OSD129_R2_shotgun_raw.fastq.gz,/bioinf/projects/osd/main/2014/06/pre-processing/shotgun/adapter-clipping/lgc/combined/Sample_OSD129/fastq/OSD129_R2.fastq.gz
5eeea61a13027765c278b61bd0564de4,OSD130_R1_shotgun_raw.fastq.gz,/bioinf/projects/osd/main/2014/06/pre-processing/shotgun/adapter-clipping/lgc/combined/Sample_OSD130/fastq/OSD130_R1.fastq.gz
e305034bb18a05cc39b88621d6d62e7e,OSD130_R2_shotgun_raw.fastq.gz,/bioinf/projects/osd/main/2014/06/pre-processing/shotgun/adapter-clipping/lgc/combined/Sample_OSD130/fastq/OSD130_R2.fastq.gz
41a314ba86d77398ddd62411ab0a6fbc,OSD131_R1_shotgun_raw.fastq.gz,/bioinf/projects/osd/main/2014/06/pre-processing/shotgun/adapter-clipping/lgc/combined/Sample_OSD131/fastq/OSD131_R1.fastq.gz
632170b023372a5c1c695412b487d6b8,OSD131_R2_shotgun_raw.fastq.gz,/bioinf/projects/osd/main/2014/06/pre-processing/shotgun/adapter-clipping/lgc/combined/Sample_OSD131/fastq/OSD131_R2.fastq.gz
0283228dd0d3860539f0b79ab6430014,OSD132_R1_shotgun_raw.fastq.gz,/bioinf/projects/osd/main/2014/06/pre-processing/shotgun/adapter-clipping/lgc/combined/Sample_OSD132/fastq/OSD132_R1.fastq.gz
50ef8287ff93c5fb6ca57bfae00a8ecc,OSD132_R2_shotgun_raw.fastq.gz,/bioinf/projects/osd/main/2014/06/pre-processing/shotgun/adapter-clipping/lgc/combined/Sample_OSD132/fastq/OSD132_R2.fastq.gz
2a4475d2cb1416d46a0a8a9d60bed3f7,OSD133_R1_shotgun_raw.fastq.gz,/bioinf/projects/osd/main/2014/06/pre-processing/shotgun/adapter-clipping/lgc/combined/Sample_OSD133/fastq/OSD133_R1.fastq.gz
00e1eae2e9500ac34c7ed7e67fb83e10,OSD133_R2_shotgun_raw.fastq.gz,/bioinf/projects/osd/main/2014/06/pre-processing/shotgun/adapter-clipping/lgc/combined/Sample_OSD133/fastq/OSD133_R2.fastq.gz
dfd990de853984441c4b4f1c7e54f710,OSD13_R1_shotgun_raw.fastq.gz,/bioinf/projects/osd/main/2014/06/pre-processing/shotgun/adapter-clipping/lgc/combined/Sample_OSD13/fastq/OSD13_R1.fastq.gz
6be11f53361ace928b1dea1cc9c14e3a,OSD13_R2_shotgun_raw.fastq.gz,/bioinf/projects/osd/main/2014/06/pre-processing/shotgun/adapter-clipping/lgc/combined/Sample_OSD13/fastq/OSD13_R2.fastq.gz
4b064e15ac6978db23b764ca1a89afe4,OSD141_R1_shotgun_raw.fastq.gz,/bioinf/projects/osd/main/2014/06/pre-processing/shotgun/adapter-clipping/lgc/combined/Sample_OSD141/fastq/OSD141_R1.fastq.gz
af527a0a53e7d635ce7783d38c248862,OSD141_R2_shotgun_raw.fastq.gz,/bioinf/projects/osd/main/2014/06/pre-processing/shotgun/adapter-clipping/lgc/combined/Sample_OSD141/fastq/OSD141_R2.fastq.gz
72432af87e8f94cf2ad9692a1cecc1c2,OSD142_R1_shotgun_raw.fastq.gz,/bioinf/projects/osd/main/2014/06/pre-processing/shotgun/adapter-clipping/lgc/combined/Sample_OSD142/fastq/OSD142_R1.fastq.gz
520781bdb5223884b464e060a6e82d23,OSD142_R2_shotgun_raw.fastq.gz,/bioinf/projects/osd/main/2014/06/pre-processing/shotgun/adapter-clipping/lgc/combined/Sample_OSD142/fastq/OSD142_R2.fastq.gz
6537d4380e4c8d204c6c476f6649826d,OSD143_R1_shotgun_raw.fastq.gz,/bioinf/projects/osd/main/2014/06/pre-processing/shotgun/adapter-clipping/lgc/combined/Sample_OSD143/fastq/OSD143_R1.fastq.gz
3601929cc7c877d65f893b2e35701159,OSD143_R2_shotgun_raw.fastq.gz,/bioinf/projects/osd/main/2014/06/pre-processing/shotgun/adapter-clipping/lgc/combined/Sample_OSD143/fastq/OSD143_R2.fastq.gz
78f593333735738e1fc11195fa806e66,OSD144_R1_shotgun_raw.fastq.gz,/bioinf/projects/osd/main/2014/06/pre-processing/shotgun/adapter-clipping/lgc/combined/Sample_OSD144/fastq/OSD144_R1.fastq.gz
7080d19f627fa2d6905f0a48d90de9c2,OSD144_R2_shotgun_raw.fastq.gz,/bioinf/projects/osd/main/2014/06/pre-processing/shotgun/adapter-clipping/lgc/combined/Sample_OSD144/fastq/OSD144_R2.fastq.gz
6cc27e01f216ecaaa63bc7ebd8669aa0,OSD145_R1_shotgun_raw.fastq.gz,/bioinf/projects/osd/main/2014/06/pre-processing/shotgun/adapter-clipping/lgc/combined/Sample_OSD145/fastq/OSD145_R1.fastq.gz
eebfe361e7752621e63d3b1d5c548dba,OSD145_R2_shotgun_raw.fastq.gz,/bioinf/projects/osd/main/2014/06/pre-processing/shotgun/adapter-clipping/lgc/combined/Sample_OSD145/fastq/OSD145_R2.fastq.gz
38b81951664298818ed469884a158bf1,OSD146_R1_shotgun_raw.fastq.gz,/bioinf/projects/osd/main/2014/06/pre-processing/shotgun/adapter-clipping/lgc/combined/Sample_OSD146/fastq/OSD146_R1.fastq.gz
40b2720a912d73902b4ec9136fae2e99,OSD146_R2_shotgun_raw.fastq.gz,/bioinf/projects/osd/main/2014/06/pre-processing/shotgun/adapter-clipping/lgc/combined/Sample_OSD146/fastq/OSD146_R2.fastq.gz
ddfe73a6ae1c82265953d6fe962db765,OSD147_R1_shotgun_raw.fastq.gz,/bioinf/projects/osd/main/2014/06/pre-processing/shotgun/adapter-clipping/lgc/combined/Sample_OSD147/fastq/OSD147_R1.fastq.gz
622dec868b5a7297a4fecbb102171166,OSD147_R2_shotgun_raw.fastq.gz,/bioinf/projects/osd/main/2014/06/pre-processing/shotgun/adapter-clipping/lgc/combined/Sample_OSD147/fastq/OSD147_R2.fastq.gz
320bd3dffbcb607ca96f24caf2d5ae0a,OSD148_R1_shotgun_raw.fastq.gz,/bioinf/projects/osd/main/2014/06/pre-processing/shotgun/adapter-clipping/lgc/combined/Sample_OSD148/fastq/OSD148_R1.fastq.gz
46ac6e7315e656d40a4543871e2c7790,OSD148_R2_shotgun_raw.fastq.gz,/bioinf/projects/osd/main/2014/06/pre-processing/shotgun/adapter-clipping/lgc/combined/Sample_OSD148/fastq/OSD148_R2.fastq.gz
497253f9174ccabd66495e8c8d749169,OSD149_R1_shotgun_raw.fastq.gz,/bioinf/projects/osd/main/2014/06/pre-processing/shotgun/adapter-clipping/lgc/combined/Sample_OSD149/fastq/OSD149_R1.fastq.gz
b7905a271d71e4005c06181cbe29b722,OSD149_R2_shotgun_raw.fastq.gz,/bioinf/projects/osd/main/2014/06/pre-processing/shotgun/adapter-clipping/lgc/combined/Sample_OSD149/fastq/OSD149_R2.fastq.gz
bc0171dc528887601c7426373ecf8829,OSD14_R1_shotgun_raw.fastq.gz,/bioinf/projects/osd/main/2014/06/pre-processing/shotgun/adapter-clipping/lgc/combined/Sample_OSD14/fastq/OSD14_R1.fastq.gz
1f82023fb271de92c64d72e1bbd50c29,OSD14_R2_shotgun_raw.fastq.gz,/bioinf/projects/osd/main/2014/06/pre-processing/shotgun/adapter-clipping/lgc/combined/Sample_OSD14/fastq/OSD14_R2.fastq.gz
89b9861008099dbbab56d5d8d9fce51b,OSD150_R1_shotgun_raw.fastq.gz,/bioinf/projects/osd/main/2014/06/pre-processing/shotgun/adapter-clipping/lgc/combined/Sample_OSD150/fastq/OSD150_R1.fastq.gz
35b71c7ba9656d4fab1be41011354319,OSD150_R2_shotgun_raw.fastq.gz,/bioinf/projects/osd/main/2014/06/pre-processing/shotgun/adapter-clipping/lgc/combined/Sample_OSD150/fastq/OSD150_R2.fastq.gz
ca6a38a65655e55ce9fe8cbcf99792e3,OSD151_R1_shotgun_raw.fastq.gz,/bioinf/projects/osd/main/2014/06/pre-processing/shotgun/adapter-clipping/lgc/combined/Sample_OSD151/fastq/OSD151_R1.fastq.gz
f86e42073983ee12d9d5c32a6fb82a2c,OSD151_R2_shotgun_raw.fastq.gz,/bioinf/projects/osd/main/2014/06/pre-processing/shotgun/adapter-clipping/lgc/combined/Sample_OSD151/fastq/OSD151_R2.fastq.gz
1011713d46a7fcb1e4d0816242e96cc4,OSD152-1m-depth_R1_shotgun_raw.fastq.gz,/bioinf/projects/osd/main/2014/06/pre-processing/shotgun/adapter-clipping/lgc/combined/Sample_OSD152-1m-depth/fastq/OSD152-1m-depth_R1.fastq.gz
ab3e02e690b7d169fc16ddc82e72bd11,OSD152-1m-depth_R2_shotgun_raw.fastq.gz,/bioinf/projects/osd/main/2014/06/pre-processing/shotgun/adapter-clipping/lgc/combined/Sample_OSD152-1m-depth/fastq/OSD152-1m-depth_R2.fastq.gz
c1ebddf3145186953f6b3e2c643c2839,OSD152-5m-depth_R1_shotgun_raw.fastq.gz,/bioinf/projects/osd/main/2014/06/pre-processing/shotgun/adapter-clipping/lgc/combined/Sample_OSD152-5m-depth/fastq/OSD152-5m-depth_R1.fastq.gz
7cd68161443642780864e87edc995c76,OSD152-5m-depth_R2_shotgun_raw.fastq.gz,/bioinf/projects/osd/main/2014/06/pre-processing/shotgun/adapter-clipping/lgc/combined/Sample_OSD152-5m-depth/fastq/OSD152-5m-depth_R2.fastq.gz
7f5c0de26a5758e8e58d4c97c87d7b9f,OSD153_R1_shotgun_raw.fastq.gz,/bioinf/projects/osd/main/2014/06/pre-processing/shotgun/adapter-clipping/lgc/combined/Sample_OSD153/fastq/OSD153_R1.fastq.gz
5dbd62c97e00bbfd777ee6d3254f97a3,OSD153_R2_shotgun_raw.fastq.gz,/bioinf/projects/osd/main/2014/06/pre-processing/shotgun/adapter-clipping/lgc/combined/Sample_OSD153/fastq/OSD153_R2.fastq.gz
f314a7b81333babff7ac039f0da49e98,OSD154_R1_shotgun_raw.fastq.gz,/bioinf/projects/osd/main/2014/06/pre-processing/shotgun/adapter-clipping/lgc/combined/Sample_OSD154/fastq/OSD154_R1.fastq.gz
a9a160536b3bbf447e74a809a22c15db,OSD154_R2_shotgun_raw.fastq.gz,/bioinf/projects/osd/main/2014/06/pre-processing/shotgun/adapter-clipping/lgc/combined/Sample_OSD154/fastq/OSD154_R2.fastq.gz
e1846581d6eb27aa8de76a4d64eadad7,OSD15-50m-depth_R1_shotgun_raw.fastq.gz,/bioinf/projects/osd/main/2014/06/pre-processing/shotgun/adapter-clipping/lgc/combined/Sample_OSD15-50m-depth/fastq/OSD15-50m-depth_R1.fastq.gz
7c58d0a638a7b9e7dbbaaf6713c53825,OSD15-50m-depth_R2_shotgun_raw.fastq.gz,/bioinf/projects/osd/main/2014/06/pre-processing/shotgun/adapter-clipping/lgc/combined/Sample_OSD15-50m-depth/fastq/OSD15-50m-depth_R2.fastq.gz
fc1c2ad5285740decada9697a2bb6267,OSD155-1m-depth_R1_shotgun_raw.fastq.gz,/bioinf/projects/osd/main/2014/06/pre-processing/shotgun/adapter-clipping/lgc/combined/Sample_OSD155-1m-depth/fastq/OSD155-1m-depth_R1.fastq.gz
af81f426366a92644bbad41454bc6cdd,OSD155-1m-depth_R2_shotgun_raw.fastq.gz,/bioinf/projects/osd/main/2014/06/pre-processing/shotgun/adapter-clipping/lgc/combined/Sample_OSD155-1m-depth/fastq/OSD155-1m-depth_R2.fastq.gz
1c846e544d5d4d6a9b9978182abc278e,OSD156-1m-depth_R1_shotgun_raw.fastq.gz,/bioinf/projects/osd/main/2014/06/pre-processing/shotgun/adapter-clipping/lgc/combined/Sample_OSD156-1m-depth/fastq/OSD156-1m-depth_R1.fastq.gz
d4a0aa3d9a5e517a88757a5ca9b55832,OSD156-1m-depth_R2_shotgun_raw.fastq.gz,/bioinf/projects/osd/main/2014/06/pre-processing/shotgun/adapter-clipping/lgc/combined/Sample_OSD156-1m-depth/fastq/OSD156-1m-depth_R2.fastq.gz
f9362e0b32a23bd74b45fad1b38bf43e,OSD157-1m-depth_R1_shotgun_raw.fastq.gz,/bioinf/projects/osd/main/2014/06/pre-processing/shotgun/adapter-clipping/lgc/combined/Sample_OSD157-1m-depth/fastq/OSD157-1m-depth_R1.fastq.gz
f2272cf6a5d0b8f632ba116090d771b4,OSD157-1m-depth_R2_shotgun_raw.fastq.gz,/bioinf/projects/osd/main/2014/06/pre-processing/shotgun/adapter-clipping/lgc/combined/Sample_OSD157-1m-depth/fastq/OSD157-1m-depth_R2.fastq.gz
c08a89e733e9001dfcbfebc958a068bf,OSD158_R1_shotgun_raw.fastq.gz,/bioinf/projects/osd/main/2014/06/pre-processing/shotgun/adapter-clipping/lgc/combined/Sample_OSD158/fastq/OSD158_R1.fastq.gz
0cb78eb5b6ae3bbfb6a927841e06a04a,OSD158_R2_shotgun_raw.fastq.gz,/bioinf/projects/osd/main/2014/06/pre-processing/shotgun/adapter-clipping/lgc/combined/Sample_OSD158/fastq/OSD158_R2.fastq.gz
8c3996f62e2fc25da7e7bd43adbcbaa5,OSD159_R1_shotgun_raw.fastq.gz,/bioinf/projects/osd/main/2014/06/pre-processing/shotgun/adapter-clipping/lgc/combined/Sample_OSD159/fastq/OSD159_R1.fastq.gz
6318cb714bea5a74ec8ea31fe73412ae,OSD159_R2_shotgun_raw.fastq.gz,/bioinf/projects/osd/main/2014/06/pre-processing/shotgun/adapter-clipping/lgc/combined/Sample_OSD159/fastq/OSD159_R2.fastq.gz
71d10c503b51e43a9a8b24ffade34974,OSD15-surf_R1_shotgun_raw.fastq.gz,/bioinf/projects/osd/main/2014/06/pre-processing/shotgun/adapter-clipping/lgc/combined/Sample_OSD15-surf/fastq/OSD15-surf_R1.fastq.gz
8b8eb4da46e84b970ec461dc8d623d4c,OSD15-surf_R2_shotgun_raw.fastq.gz,/bioinf/projects/osd/main/2014/06/pre-processing/shotgun/adapter-clipping/lgc/combined/Sample_OSD15-surf/fastq/OSD15-surf_R2.fastq.gz
1c71a2af87dde3c0b7f86b77938dda79,OSD162_R1_shotgun_raw.fastq.gz,/bioinf/projects/osd/main/2014/06/pre-processing/shotgun/adapter-clipping/lgc/combined/Sample_OSD162/fastq/OSD162_R1.fastq.gz
9735683eede811ddc87a6a5f7108a4c2,OSD162_R2_shotgun_raw.fastq.gz,/bioinf/projects/osd/main/2014/06/pre-processing/shotgun/adapter-clipping/lgc/combined/Sample_OSD162/fastq/OSD162_R2.fastq.gz
4b20f65ee07cbce5e0431902542a38e0,OSD163_R1_shotgun_raw.fastq.gz,/bioinf/projects/osd/main/2014/06/pre-processing/shotgun/adapter-clipping/lgc/combined/Sample_OSD163/fastq/OSD163_R1.fastq.gz
bdf1f505de78c84950da0f8a3252d817,OSD163_R2_shotgun_raw.fastq.gz,/bioinf/projects/osd/main/2014/06/pre-processing/shotgun/adapter-clipping/lgc/combined/Sample_OSD163/fastq/OSD163_R2.fastq.gz
fd05d45d5ba1fb3a7cc7f243a8a83981,OSD164_R1_shotgun_raw.fastq.gz,/bioinf/projects/osd/main/2014/06/pre-processing/shotgun/adapter-clipping/lgc/combined/Sample_OSD164/fastq/OSD164_R1.fastq.gz
bfaec6cf7c7477ce3d0de9bdd4895ede,OSD164_R2_shotgun_raw.fastq.gz,/bioinf/projects/osd/main/2014/06/pre-processing/shotgun/adapter-clipping/lgc/combined/Sample_OSD164/fastq/OSD164_R2.fastq.gz
80e154b10fda4fea5905a245a96db6aa,OSD165_R1_shotgun_raw.fastq.gz,/bioinf/projects/osd/main/2014/06/pre-processing/shotgun/adapter-clipping/lgc/combined/Sample_OSD165/fastq/OSD165_R1.fastq.gz
9158dd7f7491460a0c69a42000f95640,OSD165_R2_shotgun_raw.fastq.gz,/bioinf/projects/osd/main/2014/06/pre-processing/shotgun/adapter-clipping/lgc/combined/Sample_OSD165/fastq/OSD165_R2.fastq.gz
aab2dade8551e0192f24947a85d7b4c3,OSD166_R1_shotgun_raw.fastq.gz,/bioinf/projects/osd/main/2014/06/pre-processing/shotgun/adapter-clipping/lgc/combined/Sample_OSD166/fastq/OSD166_R1.fastq.gz
048123134a42174ee4d14b63cf293601,OSD166_R2_shotgun_raw.fastq.gz,/bioinf/projects/osd/main/2014/06/pre-processing/shotgun/adapter-clipping/lgc/combined/Sample_OSD166/fastq/OSD166_R2.fastq.gz
e182e67f505f169ef914a6a619bd9ca1,OSD167_R1_shotgun_raw.fastq.gz,/bioinf/projects/osd/main/2014/06/pre-processing/shotgun/adapter-clipping/lgc/combined/Sample_OSD167/fastq/OSD167_R1.fastq.gz
f5dd516d21a20811236479366def8407,OSD167_R2_shotgun_raw.fastq.gz,/bioinf/projects/osd/main/2014/06/pre-processing/shotgun/adapter-clipping/lgc/combined/Sample_OSD167/fastq/OSD167_R2.fastq.gz
d788892a1ffbd163715f8f35b17301dd,OSD168_R1_shotgun_raw.fastq.gz,/bioinf/projects/osd/main/2014/06/pre-processing/shotgun/adapter-clipping/lgc/combined/Sample_OSD168/fastq/OSD168_R1.fastq.gz
d77d16f59c4dc3a671256b4831b2ff7f,OSD168_R2_shotgun_raw.fastq.gz,/bioinf/projects/osd/main/2014/06/pre-processing/shotgun/adapter-clipping/lgc/combined/Sample_OSD168/fastq/OSD168_R2.fastq.gz
183574848010d4ed99c6a6b585bc134e,OSD169_R1_shotgun_raw.fastq.gz,/bioinf/projects/osd/main/2014/06/pre-processing/shotgun/adapter-clipping/lgc/combined/Sample_OSD169/fastq/OSD169_R1.fastq.gz
62bcf6d9bb0ce882dbe4df21d780863e,OSD169_R2_shotgun_raw.fastq.gz,/bioinf/projects/osd/main/2014/06/pre-processing/shotgun/adapter-clipping/lgc/combined/Sample_OSD169/fastq/OSD169_R2.fastq.gz
702a42c433bb40c27d974f26f759ad0b,OSD170_R1_shotgun_raw.fastq.gz,/bioinf/projects/osd/main/2014/06/pre-processing/shotgun/adapter-clipping/lgc/combined/Sample_OSD170/fastq/OSD170_R1.fastq.gz
c62faf48f80aa0d743ed8b815c9f0069,OSD170_R2_shotgun_raw.fastq.gz,/bioinf/projects/osd/main/2014/06/pre-processing/shotgun/adapter-clipping/lgc/combined/Sample_OSD170/fastq/OSD170_R2.fastq.gz
5dd7921ed172452e30ab9e87dcd8ab20,OSD171_R1_shotgun_raw.fastq.gz,/bioinf/projects/osd/main/2014/06/pre-processing/shotgun/adapter-clipping/lgc/combined/Sample_OSD171/fastq/OSD171_R1.fastq.gz
f45a01f972d18604ed55699625641af5,OSD171_R2_shotgun_raw.fastq.gz,/bioinf/projects/osd/main/2014/06/pre-processing/shotgun/adapter-clipping/lgc/combined/Sample_OSD171/fastq/OSD171_R2.fastq.gz
7dbbd96d9dccd3c5e84505827811811d,OSD172_R1_shotgun_raw.fastq.gz,/bioinf/projects/osd/main/2014/06/pre-processing/shotgun/adapter-clipping/lgc/combined/Sample_OSD172/fastq/OSD172_R1.fastq.gz
48cf271c4bf7e1f99f86b840da29453e,OSD172_R2_shotgun_raw.fastq.gz,/bioinf/projects/osd/main/2014/06/pre-processing/shotgun/adapter-clipping/lgc/combined/Sample_OSD172/fastq/OSD172_R2.fastq.gz
28e2f980171340beb6b90cb69ec84d95,OSD173_R1_shotgun_raw.fastq.gz,/bioinf/projects/osd/main/2014/06/pre-processing/shotgun/adapter-clipping/lgc/combined/Sample_OSD173/fastq/OSD173_R1.fastq.gz
93c9f7adfe8e27ca3869239990900f50,OSD173_R2_shotgun_raw.fastq.gz,/bioinf/projects/osd/main/2014/06/pre-processing/shotgun/adapter-clipping/lgc/combined/Sample_OSD173/fastq/OSD173_R2.fastq.gz
fd2ef67fc8a3397828509c2a120d4e00,OSD174_R1_shotgun_raw.fastq.gz,/bioinf/projects/osd/main/2014/06/pre-processing/shotgun/adapter-clipping/lgc/combined/Sample_OSD174/fastq/OSD174_R1.fastq.gz
edb1c2310b3fc41c8c080d3f7d5f6ac0,OSD174_R2_shotgun_raw.fastq.gz,/bioinf/projects/osd/main/2014/06/pre-processing/shotgun/adapter-clipping/lgc/combined/Sample_OSD174/fastq/OSD174_R2.fastq.gz
e586d0a217fbb7d6110396fd0755b40a,OSD175_R1_shotgun_raw.fastq.gz,/bioinf/projects/osd/main/2014/06/pre-processing/shotgun/adapter-clipping/lgc/combined/Sample_OSD175/fastq/OSD175_R1.fastq.gz
f52ab031f7959c771f3527b3782e5e4d,OSD175_R2_shotgun_raw.fastq.gz,/bioinf/projects/osd/main/2014/06/pre-processing/shotgun/adapter-clipping/lgc/combined/Sample_OSD175/fastq/OSD175_R2.fastq.gz
babf17e54d9814220f545f27fde0c668,OSD176_R1_shotgun_raw.fastq.gz,/bioinf/projects/osd/main/2014/06/pre-processing/shotgun/adapter-clipping/lgc/combined/Sample_OSD176/fastq/OSD176_R1.fastq.gz
4844bd378b5fde407cbce1673c590782,OSD176_R2_shotgun_raw.fastq.gz,/bioinf/projects/osd/main/2014/06/pre-processing/shotgun/adapter-clipping/lgc/combined/Sample_OSD176/fastq/OSD176_R2.fastq.gz
b734e508af29ddc0aeaba13379b3171a,OSD177_R1_shotgun_raw.fastq.gz,/bioinf/projects/osd/main/2014/06/pre-processing/shotgun/adapter-clipping/lgc/combined/Sample_OSD177/fastq/OSD177_R1.fastq.gz
3e4ba2d4c71cb3ae45a9b548a98b8dfd,OSD177_R2_shotgun_raw.fastq.gz,/bioinf/projects/osd/main/2014/06/pre-processing/shotgun/adapter-clipping/lgc/combined/Sample_OSD177/fastq/OSD177_R2.fastq.gz
6e2040da0d774dbee5681f6a7598904d,OSD178_R1_shotgun_raw.fastq.gz,/bioinf/projects/osd/main/2014/06/pre-processing/shotgun/adapter-clipping/lgc/combined/Sample_OSD178/fastq/OSD178_R1.fastq.gz
67fd7f2e05ab12ad42017687b2cc1325,OSD178_R2_shotgun_raw.fastq.gz,/bioinf/projects/osd/main/2014/06/pre-processing/shotgun/adapter-clipping/lgc/combined/Sample_OSD178/fastq/OSD178_R2.fastq.gz
09805a8b499eb21c047d6194ae5c2048,OSD17_R1_shotgun_raw.fastq.gz,/bioinf/projects/osd/main/2014/06/pre-processing/shotgun/adapter-clipping/lgc/combined/Sample_OSD17/fastq/OSD17_R1.fastq.gz
d071ff09f23e35e1de6f5286ffa224a2,OSD17_R2_shotgun_raw.fastq.gz,/bioinf/projects/osd/main/2014/06/pre-processing/shotgun/adapter-clipping/lgc/combined/Sample_OSD17/fastq/OSD17_R2.fastq.gz
99c92a58838810e54a704f006d850279,OSD182_R1_shotgun_raw.fastq.gz,/bioinf/projects/osd/main/2014/06/pre-processing/shotgun/adapter-clipping/lgc/combined/Sample_OSD182/fastq/OSD182_R1.fastq.gz
d88759aa6c0376bdea54f0b05917a908,OSD182_R2_shotgun_raw.fastq.gz,/bioinf/projects/osd/main/2014/06/pre-processing/shotgun/adapter-clipping/lgc/combined/Sample_OSD182/fastq/OSD182_R2.fastq.gz
99b2b6da8479f20eace1461006daac76,OSD183_R1_shotgun_raw.fastq.gz,/bioinf/projects/osd/main/2014/06/pre-processing/shotgun/adapter-clipping/lgc/combined/Sample_OSD183/fastq/OSD183_R1.fastq.gz
899952785f0283e16d55587ae59a50ec,OSD183_R2_shotgun_raw.fastq.gz,/bioinf/projects/osd/main/2014/06/pre-processing/shotgun/adapter-clipping/lgc/combined/Sample_OSD183/fastq/OSD183_R2.fastq.gz
96f7355645b9dcfe1655f6e6cc9ee075,OSD184_R1_shotgun_raw.fastq.gz,/bioinf/projects/osd/main/2014/06/pre-processing/shotgun/adapter-clipping/lgc/combined/Sample_OSD184/fastq/OSD184_R1.fastq.gz
45de1484d76a7aa10e614912642a57b1,OSD184_R2_shotgun_raw.fastq.gz,/bioinf/projects/osd/main/2014/06/pre-processing/shotgun/adapter-clipping/lgc/combined/Sample_OSD184/fastq/OSD184_R2.fastq.gz
3e8a9f6f93a0d105c6a781e84163c2d6,OSD185_R1_shotgun_raw.fastq.gz,/bioinf/projects/osd/main/2014/06/pre-processing/shotgun/adapter-clipping/lgc/combined/Sample_OSD185/fastq/OSD185_R1.fastq.gz
0ee3007e01448191845d52253cc21a71,OSD185_R2_shotgun_raw.fastq.gz,/bioinf/projects/osd/main/2014/06/pre-processing/shotgun/adapter-clipping/lgc/combined/Sample_OSD185/fastq/OSD185_R2.fastq.gz
443a6e820f66e24b2c4fc1473c2b3c0b,OSD186_R1_shotgun_raw.fastq.gz,/bioinf/projects/osd/main/2014/06/pre-processing/shotgun/adapter-clipping/lgc/combined/Sample_OSD186/fastq/OSD186_R1.fastq.gz
530158fdb744cfbedf539386c518fe41,OSD186_R2_shotgun_raw.fastq.gz,/bioinf/projects/osd/main/2014/06/pre-processing/shotgun/adapter-clipping/lgc/combined/Sample_OSD186/fastq/OSD186_R2.fastq.gz
e45ede5a7c74572fe30efd40351ac250,OSD18_R1_shotgun_raw.fastq.gz,/bioinf/projects/osd/main/2014/06/pre-processing/shotgun/adapter-clipping/lgc/combined/Sample_OSD18/fastq/OSD18_R1.fastq.gz
8cb48b05175e272f08a9f46745673611,OSD18_R2_shotgun_raw.fastq.gz,/bioinf/projects/osd/main/2014/06/pre-processing/shotgun/adapter-clipping/lgc/combined/Sample_OSD18/fastq/OSD18_R2.fastq.gz
b217c9ebc6b4c9cbd2dde5fc25497b2b,OSD19_R1_shotgun_raw.fastq.gz,/bioinf/projects/osd/main/2014/06/pre-processing/shotgun/adapter-clipping/lgc/combined/Sample_OSD19/fastq/OSD19_R1.fastq.gz
2858dba3127352aef9797566a0060231,OSD19_R2_shotgun_raw.fastq.gz,/bioinf/projects/osd/main/2014/06/pre-processing/shotgun/adapter-clipping/lgc/combined/Sample_OSD19/fastq/OSD19_R2.fastq.gz
83141f7a4d6773f948db55f15ca84b97,OSD1_R1_shotgun_raw.fastq.gz,/bioinf/projects/osd/main/2014/06/pre-processing/shotgun/adapter-clipping/lgc/combined/Sample_OSD1/fastq/OSD1_R1.fastq.gz
88ea6c566eae7e97434dcf4af3608b2a,OSD1_R2_shotgun_raw.fastq.gz,/bioinf/projects/osd/main/2014/06/pre-processing/shotgun/adapter-clipping/lgc/combined/Sample_OSD1/fastq/OSD1_R2.fastq.gz
aacb0786146203775a0fd17ce99768ee,OSD20-20m-depth_R1_shotgun_raw.fastq.gz,/bioinf/projects/osd/main/2014/06/pre-processing/shotgun/adapter-clipping/lgc/combined/Sample_OSD20-20m-depth/fastq/OSD20-20m-depth_R1.fastq.gz
50de057f5bcb2d892525f2aeebbdb346,OSD20-20m-depth_R2_shotgun_raw.fastq.gz,/bioinf/projects/osd/main/2014/06/pre-processing/shotgun/adapter-clipping/lgc/combined/Sample_OSD20-20m-depth/fastq/OSD20-20m-depth_R2.fastq.gz
768a5fe74ed9561db2634f6c960f5429,OSD20-iceland_R1_shotgun_raw.fastq.gz,/bioinf/projects/osd/main/2014/06/pre-processing/shotgun/adapter-clipping/lgc/combined/Sample_OSD20-iceland/fastq/OSD20-iceland_R1.fastq.gz
4298bd6dd0d979ee349095b622b72cc5,OSD20-iceland_R2_shotgun_raw.fastq.gz,/bioinf/projects/osd/main/2014/06/pre-processing/shotgun/adapter-clipping/lgc/combined/Sample_OSD20-iceland/fastq/OSD20-iceland_R2.fastq.gz
cf0626a72944ae1056797f9f0c7d7aab,OSD21_R1_shotgun_raw.fastq.gz,/bioinf/projects/osd/main/2014/06/pre-processing/shotgun/adapter-clipping/lgc/combined/Sample_OSD21/fastq/OSD21_R1.fastq.gz
c29804d91c6473fe23ddcee42789fdf3,OSD21_R2_shotgun_raw.fastq.gz,/bioinf/projects/osd/main/2014/06/pre-processing/shotgun/adapter-clipping/lgc/combined/Sample_OSD21/fastq/OSD21_R2.fastq.gz
887bf6964602fa16bdd695f625fcf0a3,OSD22_R1_shotgun_raw.fastq.gz,/bioinf/projects/osd/main/2014/06/pre-processing/shotgun/adapter-clipping/lgc/combined/Sample_OSD22/fastq/OSD22_R1.fastq.gz
6ee0df0834ddffeb1b5be357f1f0e869,OSD22_R2_shotgun_raw.fastq.gz,/bioinf/projects/osd/main/2014/06/pre-processing/shotgun/adapter-clipping/lgc/combined/Sample_OSD22/fastq/OSD22_R2.fastq.gz
6474ae2fa68ac099b63cc7aeb825bd26,OSD24_R1_shotgun_raw.fastq.gz,/bioinf/projects/osd/main/2014/06/pre-processing/shotgun/adapter-clipping/lgc/combined/Sample_OSD24/fastq/OSD24_R1.fastq.gz
2eae3979daccff45fa1b8bbc18dd98d2,OSD24_R2_shotgun_raw.fastq.gz,/bioinf/projects/osd/main/2014/06/pre-processing/shotgun/adapter-clipping/lgc/combined/Sample_OSD24/fastq/OSD24_R2.fastq.gz
605e94c28aa5b3c048cd52b8f564ba1b,OSD25_R1_shotgun_raw.fastq.gz,/bioinf/projects/osd/main/2014/06/pre-processing/shotgun/adapter-clipping/lgc/combined/Sample_OSD25/fastq/OSD25_R1.fastq.gz
37fd6aa8baacadbe8ec45989030151dd,OSD25_R2_shotgun_raw.fastq.gz,/bioinf/projects/osd/main/2014/06/pre-processing/shotgun/adapter-clipping/lgc/combined/Sample_OSD25/fastq/OSD25_R2.fastq.gz
5369a18cb797c7f682b1af6259fb9fac,OSD26_R1_shotgun_raw.fastq.gz,/bioinf/projects/osd/main/2014/06/pre-processing/shotgun/adapter-clipping/lgc/combined/Sample_OSD26/fastq/OSD26_R1.fastq.gz
f598d78b2e9e6f3923a55eaa1b49c4ee,OSD26_R2_shotgun_raw.fastq.gz,/bioinf/projects/osd/main/2014/06/pre-processing/shotgun/adapter-clipping/lgc/combined/Sample_OSD26/fastq/OSD26_R2.fastq.gz
2688a7d53ed6897223da8af88b2434c4,OSD28_R1_shotgun_raw.fastq.gz,/bioinf/projects/osd/main/2014/06/pre-processing/shotgun/adapter-clipping/lgc/combined/Sample_OSD28/fastq/OSD28_R1.fastq.gz
f7aefc3b163720c1416ad8f5b688fd43,OSD28_R2_shotgun_raw.fastq.gz,/bioinf/projects/osd/main/2014/06/pre-processing/shotgun/adapter-clipping/lgc/combined/Sample_OSD28/fastq/OSD28_R2.fastq.gz
c518940b29968e3feb07fd89d66caf06,OSD29_R1_shotgun_raw.fastq.gz,/bioinf/projects/osd/main/2014/06/pre-processing/shotgun/adapter-clipping/lgc/combined/Sample_OSD29/fastq/OSD29_R1.fastq.gz
a461828d4adbb1af8012f8098cd27d10,OSD29_R2_shotgun_raw.fastq.gz,/bioinf/projects/osd/main/2014/06/pre-processing/shotgun/adapter-clipping/lgc/combined/Sample_OSD29/fastq/OSD29_R2.fastq.gz
99aa60f12f680cc7efa5e5c01885674d,OSD2_R1_shotgun_raw.fastq.gz,/bioinf/projects/osd/main/2014/06/pre-processing/shotgun/adapter-clipping/lgc/combined/Sample_OSD2/fastq/OSD2_R1.fastq.gz
39bdb84f9756ac82d1b6ebdc7c1ddb01,OSD2_R2_shotgun_raw.fastq.gz,/bioinf/projects/osd/main/2014/06/pre-processing/shotgun/adapter-clipping/lgc/combined/Sample_OSD2/fastq/OSD2_R2.fastq.gz
2e06e623239190585e6e7e08ec814a2b,OSD30_R1_shotgun_raw.fastq.gz,/bioinf/projects/osd/main/2014/06/pre-processing/shotgun/adapter-clipping/lgc/combined/Sample_OSD30/fastq/OSD30_R1.fastq.gz
0d375dc0621bc9d8c562c4c0cf0e402f,OSD30_R2_shotgun_raw.fastq.gz,/bioinf/projects/osd/main/2014/06/pre-processing/shotgun/adapter-clipping/lgc/combined/Sample_OSD30/fastq/OSD30_R2.fastq.gz
e3bf169c16e0416b1d8fb95f99a5ff70,OSD34_R1_shotgun_raw.fastq.gz,/bioinf/projects/osd/main/2014/06/pre-processing/shotgun/adapter-clipping/lgc/combined/Sample_OSD34/fastq/OSD34_R1.fastq.gz
abc8feb61d1655693716368c860fa585,OSD34_R2_shotgun_raw.fastq.gz,/bioinf/projects/osd/main/2014/06/pre-processing/shotgun/adapter-clipping/lgc/combined/Sample_OSD34/fastq/OSD34_R2.fastq.gz
aea3a8efa10e62203f8afc1a5b5dbda8,OSD35_R1_shotgun_raw.fastq.gz,/bioinf/projects/osd/main/2014/06/pre-processing/shotgun/adapter-clipping/lgc/combined/Sample_OSD35/fastq/OSD35_R1.fastq.gz
21a8119ab791357383b2aab392780e34,OSD35_R2_shotgun_raw.fastq.gz,/bioinf/projects/osd/main/2014/06/pre-processing/shotgun/adapter-clipping/lgc/combined/Sample_OSD35/fastq/OSD35_R2.fastq.gz
1da8b5d62d79d966cc85c9ba892e81ce,OSD36_R1_shotgun_raw.fastq.gz,/bioinf/projects/osd/main/2014/06/pre-processing/shotgun/adapter-clipping/lgc/combined/Sample_OSD36/fastq/OSD36_R1.fastq.gz
d900f01fc684b748cedc50eb1e91e0e9,OSD36_R2_shotgun_raw.fastq.gz,/bioinf/projects/osd/main/2014/06/pre-processing/shotgun/adapter-clipping/lgc/combined/Sample_OSD36/fastq/OSD36_R2.fastq.gz
384f4d6af2d5b0b4e6e016ac5ec8dc46,OSD37_R1_shotgun_raw.fastq.gz,/bioinf/projects/osd/main/2014/06/pre-processing/shotgun/adapter-clipping/lgc/combined/Sample_OSD37/fastq/OSD37_R1.fastq.gz
b43c6af0d8526822af07f6627e736b61,OSD37_R2_shotgun_raw.fastq.gz,/bioinf/projects/osd/main/2014/06/pre-processing/shotgun/adapter-clipping/lgc/combined/Sample_OSD37/fastq/OSD37_R2.fastq.gz
53c33f7cbbdf5ccbfd461523dae1a034,OSD38_R1_shotgun_raw.fastq.gz,/bioinf/projects/osd/main/2014/06/pre-processing/shotgun/adapter-clipping/lgc/combined/Sample_OSD38/fastq/OSD38_R1.fastq.gz
2fab4131c4e67df4e2be7d0e0a3ffbd8,OSD38_R2_shotgun_raw.fastq.gz,/bioinf/projects/osd/main/2014/06/pre-processing/shotgun/adapter-clipping/lgc/combined/Sample_OSD38/fastq/OSD38_R2.fastq.gz
3a53be5a3ae12702cd16314ade29b0dc,OSD39_R1_shotgun_raw.fastq.gz,/bioinf/projects/osd/main/2014/06/pre-processing/shotgun/adapter-clipping/lgc/combined/Sample_OSD39/fastq/OSD39_R1.fastq.gz
b59f1b8b1ba6db1e4881a0a0e14ace1f,OSD39_R2_shotgun_raw.fastq.gz,/bioinf/projects/osd/main/2014/06/pre-processing/shotgun/adapter-clipping/lgc/combined/Sample_OSD39/fastq/OSD39_R2.fastq.gz
12ef80674d9c393038bf3ecbb01b6979,OSD3_R1_shotgun_raw.fastq.gz,/bioinf/projects/osd/main/2014/06/pre-processing/shotgun/adapter-clipping/lgc/combined/Sample_OSD3/fastq/OSD3_R1.fastq.gz
633197b1c96bacfb08f1c4b612660a73,OSD3_R2_shotgun_raw.fastq.gz,/bioinf/projects/osd/main/2014/06/pre-processing/shotgun/adapter-clipping/lgc/combined/Sample_OSD3/fastq/OSD3_R2.fastq.gz
b4c45923c90fe39ed3deb7ca8e1b3bfc,OSD41_R1_shotgun_raw.fastq.gz,/bioinf/projects/osd/main/2014/06/pre-processing/shotgun/adapter-clipping/lgc/combined/Sample_OSD41/fastq/OSD41_R1.fastq.gz
5825eff00eb30fe7a507cb3737f70c9d,OSD41_R2_shotgun_raw.fastq.gz,/bioinf/projects/osd/main/2014/06/pre-processing/shotgun/adapter-clipping/lgc/combined/Sample_OSD41/fastq/OSD41_R2.fastq.gz
a8e3aef21d94432a506d94423046f947,OSD42_R1_shotgun_raw.fastq.gz,/bioinf/projects/osd/main/2014/06/pre-processing/shotgun/adapter-clipping/lgc/combined/Sample_OSD42/fastq/OSD42_R1.fastq.gz
e81b9c98df0e1170167e3b5be73c6fb5,OSD42_R2_shotgun_raw.fastq.gz,/bioinf/projects/osd/main/2014/06/pre-processing/shotgun/adapter-clipping/lgc/combined/Sample_OSD42/fastq/OSD42_R2.fastq.gz
d7e023cc730bfe8880a441a79ab74b82,OSD43_R1_shotgun_raw.fastq.gz,/bioinf/projects/osd/main/2014/06/pre-processing/shotgun/adapter-clipping/lgc/combined/Sample_OSD43/fastq/OSD43_R1.fastq.gz
297e702256195eef8bf27bfde05613b0,OSD43_R2_shotgun_raw.fastq.gz,/bioinf/projects/osd/main/2014/06/pre-processing/shotgun/adapter-clipping/lgc/combined/Sample_OSD43/fastq/OSD43_R2.fastq.gz
1e57da364a3a335b18dd4852d40f0327,OSD45_R1_shotgun_raw.fastq.gz,/bioinf/projects/osd/main/2014/06/pre-processing/shotgun/adapter-clipping/lgc/combined/Sample_OSD45/fastq/OSD45_R1.fastq.gz
e993f5b529fa92bf069f66da22d5ee84,OSD45_R2_shotgun_raw.fastq.gz,/bioinf/projects/osd/main/2014/06/pre-processing/shotgun/adapter-clipping/lgc/combined/Sample_OSD45/fastq/OSD45_R2.fastq.gz
237b762f4c89bbecec63519263a19de6,OSD46_R1_shotgun_raw.fastq.gz,/bioinf/projects/osd/main/2014/06/pre-processing/shotgun/adapter-clipping/lgc/combined/Sample_OSD46/fastq/OSD46_R1.fastq.gz
4e6ab0e7007efb531ccaee6107d26195,OSD46_R2_shotgun_raw.fastq.gz,/bioinf/projects/osd/main/2014/06/pre-processing/shotgun/adapter-clipping/lgc/combined/Sample_OSD46/fastq/OSD46_R2.fastq.gz
92e9082439ca5dd7c7b49d4a53bc046d,OSD47_R1_shotgun_raw.fastq.gz,/bioinf/projects/osd/main/2014/06/pre-processing/shotgun/adapter-clipping/lgc/combined/Sample_OSD47/fastq/OSD47_R1.fastq.gz
bfbe904e368c56e6f63e8f7dc6fbe5a1,OSD47_R2_shotgun_raw.fastq.gz,/bioinf/projects/osd/main/2014/06/pre-processing/shotgun/adapter-clipping/lgc/combined/Sample_OSD47/fastq/OSD47_R2.fastq.gz
3c61374a257451c4ede1e4154a01ae58,OSD48_R1_shotgun_raw.fastq.gz,/bioinf/projects/osd/main/2014/06/pre-processing/shotgun/adapter-clipping/lgc/combined/Sample_OSD48/fastq/OSD48_R1.fastq.gz
34e4480ddd262e3188fc7f53d4ff5cac,OSD48_R2_shotgun_raw.fastq.gz,/bioinf/projects/osd/main/2014/06/pre-processing/shotgun/adapter-clipping/lgc/combined/Sample_OSD48/fastq/OSD48_R2.fastq.gz
269b65f02b9cacbe5e6a7b3751ddbb7a,OSD49_R1_shotgun_raw.fastq.gz,/bioinf/projects/osd/main/2014/06/pre-processing/shotgun/adapter-clipping/lgc/combined/Sample_OSD49/fastq/OSD49_R1.fastq.gz
15f7e8061aa44ebcbe64ee8198ad78e1,OSD49_R2_shotgun_raw.fastq.gz,/bioinf/projects/osd/main/2014/06/pre-processing/shotgun/adapter-clipping/lgc/combined/Sample_OSD49/fastq/OSD49_R2.fastq.gz
940616747164a3f04f59527369295e1f,OSD4_R1_shotgun_raw.fastq.gz,/bioinf/projects/osd/main/2014/06/pre-processing/shotgun/adapter-clipping/lgc/combined/Sample_OSD4/fastq/OSD4_R1.fastq.gz
21e38886d36a7c87941740a77c933e1b,OSD4_R2_shotgun_raw.fastq.gz,/bioinf/projects/osd/main/2014/06/pre-processing/shotgun/adapter-clipping/lgc/combined/Sample_OSD4/fastq/OSD4_R2.fastq.gz
45080a1017b0329006c0d441fad5a22b,OSD50_R1_shotgun_raw.fastq.gz,/bioinf/projects/osd/main/2014/06/pre-processing/shotgun/adapter-clipping/lgc/combined/Sample_OSD50/fastq/OSD50_R1.fastq.gz
685985c6d1ae1e273600c6f7d047e5a4,OSD50_R2_shotgun_raw.fastq.gz,/bioinf/projects/osd/main/2014/06/pre-processing/shotgun/adapter-clipping/lgc/combined/Sample_OSD50/fastq/OSD50_R2.fastq.gz
7d8e05ccc9ab4c90481bf698dd3b5578,OSD5-1m-depth_R1_shotgun_raw.fastq.gz,/bioinf/projects/osd/main/2014/06/pre-processing/shotgun/adapter-clipping/lgc/combined/Sample_OSD5-1m-depth/fastq/OSD5-1m-depth_R1.fastq.gz
35878330ac627b1c7e511af34d5bc0eb,OSD5-1m-depth_R2_shotgun_raw.fastq.gz,/bioinf/projects/osd/main/2014/06/pre-processing/shotgun/adapter-clipping/lgc/combined/Sample_OSD5-1m-depth/fastq/OSD5-1m-depth_R2.fastq.gz
c0b35aa0206bf7d052afe9e3ffa6b541,OSD51_R1_shotgun_raw.fastq.gz,/bioinf/projects/osd/main/2014/06/pre-processing/shotgun/adapter-clipping/lgc/combined/Sample_OSD51/fastq/OSD51_R1.fastq.gz
4a22520ed23dfe4b56481b40329f0c22,OSD51_R2_shotgun_raw.fastq.gz,/bioinf/projects/osd/main/2014/06/pre-processing/shotgun/adapter-clipping/lgc/combined/Sample_OSD51/fastq/OSD51_R2.fastq.gz
2b1fa04a65702b8120f81f19664b89ce,OSD52_R1_shotgun_raw.fastq.gz,/bioinf/projects/osd/main/2014/06/pre-processing/shotgun/adapter-clipping/lgc/combined/Sample_OSD52/fastq/OSD52_R1.fastq.gz
fcb16b61d083eeca991640004a692ca3,OSD52_R2_shotgun_raw.fastq.gz,/bioinf/projects/osd/main/2014/06/pre-processing/shotgun/adapter-clipping/lgc/combined/Sample_OSD52/fastq/OSD52_R2.fastq.gz
6cf0f2847682090048f6481bd49bbfac,OSD53_R1_shotgun_raw.fastq.gz,/bioinf/projects/osd/main/2014/06/pre-processing/shotgun/adapter-clipping/lgc/combined/Sample_OSD53/fastq/OSD53_R1.fastq.gz
c6ca0b975f77e35cffd2983b8243a337,OSD53_R2_shotgun_raw.fastq.gz,/bioinf/projects/osd/main/2014/06/pre-processing/shotgun/adapter-clipping/lgc/combined/Sample_OSD53/fastq/OSD53_R2.fastq.gz
ded82312b42794f9c1a8dc8c8a801db2,OSD54_R1_shotgun_raw.fastq.gz,/bioinf/projects/osd/main/2014/06/pre-processing/shotgun/adapter-clipping/lgc/combined/Sample_OSD54/fastq/OSD54_R1.fastq.gz
9e682062ff701078c7044f58f5155b98,OSD54_R2_shotgun_raw.fastq.gz,/bioinf/projects/osd/main/2014/06/pre-processing/shotgun/adapter-clipping/lgc/combined/Sample_OSD54/fastq/OSD54_R2.fastq.gz
ba7bb52894bdb775f7d1d0162180d0c3,OSD55_R1_shotgun_raw.fastq.gz,/bioinf/projects/osd/main/2014/06/pre-processing/shotgun/adapter-clipping/lgc/combined/Sample_OSD55/fastq/OSD55_R1.fastq.gz
b7e1d53515c73923ea552bd33cf7392f,OSD55_R2_shotgun_raw.fastq.gz,/bioinf/projects/osd/main/2014/06/pre-processing/shotgun/adapter-clipping/lgc/combined/Sample_OSD55/fastq/OSD55_R2.fastq.gz
7c55165daf10813352fbcc0996485804,OSD56_R1_shotgun_raw.fastq.gz,/bioinf/projects/osd/main/2014/06/pre-processing/shotgun/adapter-clipping/lgc/combined/Sample_OSD56/fastq/OSD56_R1.fastq.gz
585886bf6df9d3294551bd561498b35d,OSD56_R2_shotgun_raw.fastq.gz,/bioinf/projects/osd/main/2014/06/pre-processing/shotgun/adapter-clipping/lgc/combined/Sample_OSD56/fastq/OSD56_R2.fastq.gz
62256cd9b1071c74342b4ed14c363ae6,OSD5-75m-depth_R1_shotgun_raw.fastq.gz,/bioinf/projects/osd/main/2014/06/pre-processing/shotgun/adapter-clipping/lgc/combined/Sample_OSD5-75m-depth/fastq/OSD5-75m-depth_R1.fastq.gz
b57fcb222c3f0f73e074ce9c998dc8a8,OSD5-75m-depth_R2_shotgun_raw.fastq.gz,/bioinf/projects/osd/main/2014/06/pre-processing/shotgun/adapter-clipping/lgc/combined/Sample_OSD5-75m-depth/fastq/OSD5-75m-depth_R2.fastq.gz
eddfc1f410c167844336ee3f102e393e,OSD57_R1_shotgun_raw.fastq.gz,/bioinf/projects/osd/main/2014/06/pre-processing/shotgun/adapter-clipping/lgc/combined/Sample_OSD57/fastq/OSD57_R1.fastq.gz
f0bae11860baf0581e7d6db6cefb89d9,OSD57_R2_shotgun_raw.fastq.gz,/bioinf/projects/osd/main/2014/06/pre-processing/shotgun/adapter-clipping/lgc/combined/Sample_OSD57/fastq/OSD57_R2.fastq.gz
44be2d197d12ca06806966f55307dc1f,OSD58_R1_shotgun_raw.fastq.gz,/bioinf/projects/osd/main/2014/06/pre-processing/shotgun/adapter-clipping/lgc/combined/Sample_OSD58/fastq/OSD58_R1.fastq.gz
eda7c943a5bd884fe19cc6a70af731d4,OSD58_R2_shotgun_raw.fastq.gz,/bioinf/projects/osd/main/2014/06/pre-processing/shotgun/adapter-clipping/lgc/combined/Sample_OSD58/fastq/OSD58_R2.fastq.gz
027e73cea3e9ae8ad09414cee1b8e41f,OSD60_R1_shotgun_raw.fastq.gz,/bioinf/projects/osd/main/2014/06/pre-processing/shotgun/adapter-clipping/lgc/combined/Sample_OSD60/fastq/OSD60_R1.fastq.gz
cd558f6540804e512038132d8f8aa16c,OSD60_R2_shotgun_raw.fastq.gz,/bioinf/projects/osd/main/2014/06/pre-processing/shotgun/adapter-clipping/lgc/combined/Sample_OSD60/fastq/OSD60_R2.fastq.gz
07ea1790201c26465b887a6de6fddff1,OSD61_R1_shotgun_raw.fastq.gz,/bioinf/projects/osd/main/2014/06/pre-processing/shotgun/adapter-clipping/lgc/combined/Sample_OSD61/fastq/OSD61_R1.fastq.gz
8dd7606185955323f01baa56a2d2688d,OSD61_R2_shotgun_raw.fastq.gz,/bioinf/projects/osd/main/2014/06/pre-processing/shotgun/adapter-clipping/lgc/combined/Sample_OSD61/fastq/OSD61_R2.fastq.gz
a021639c02c3db152384b3bd21a4688d,OSD62_R1_shotgun_raw.fastq.gz,/bioinf/projects/osd/main/2014/06/pre-processing/shotgun/adapter-clipping/lgc/combined/Sample_OSD62/fastq/OSD62_R1.fastq.gz
3ef1675cb83e3026ef6cb1d72552be60,OSD62_R2_shotgun_raw.fastq.gz,/bioinf/projects/osd/main/2014/06/pre-processing/shotgun/adapter-clipping/lgc/combined/Sample_OSD62/fastq/OSD62_R2.fastq.gz
06a2014fc1c7a9545e7574050520f5b0,OSD63_R1_shotgun_raw.fastq.gz,/bioinf/projects/osd/main/2014/06/pre-processing/shotgun/adapter-clipping/lgc/combined/Sample_OSD63/fastq/OSD63_R1.fastq.gz
72c47d92fe1552dc992d42fc4f225a51,OSD63_R2_shotgun_raw.fastq.gz,/bioinf/projects/osd/main/2014/06/pre-processing/shotgun/adapter-clipping/lgc/combined/Sample_OSD63/fastq/OSD63_R2.fastq.gz
32da8132b542d252b94a5c08eb6b285e,OSD64_R1_shotgun_raw.fastq.gz,/bioinf/projects/osd/main/2014/06/pre-processing/shotgun/adapter-clipping/lgc/combined/Sample_OSD64/fastq/OSD64_R1.fastq.gz
c50f1c3bdaab8e60db01fc521e1d263d,OSD64_R2_shotgun_raw.fastq.gz,/bioinf/projects/osd/main/2014/06/pre-processing/shotgun/adapter-clipping/lgc/combined/Sample_OSD64/fastq/OSD64_R2.fastq.gz
d85402ec192e29d1d01be23384440988,OSD65_R1_shotgun_raw.fastq.gz,/bioinf/projects/osd/main/2014/06/pre-processing/shotgun/adapter-clipping/lgc/combined/Sample_OSD65/fastq/OSD65_R1.fastq.gz
6def8b4250b17b1de8133624bca3a187,OSD65_R2_shotgun_raw.fastq.gz,/bioinf/projects/osd/main/2014/06/pre-processing/shotgun/adapter-clipping/lgc/combined/Sample_OSD65/fastq/OSD65_R2.fastq.gz
0b3c4eccf7f05689b09105320941b3f8,OSD69_R1_shotgun_raw.fastq.gz,/bioinf/projects/osd/main/2014/06/pre-processing/shotgun/adapter-clipping/lgc/combined/Sample_OSD69/fastq/OSD69_R1.fastq.gz
fe165f84d54480ce04f51ccfb3d13334,OSD69_R2_shotgun_raw.fastq.gz,/bioinf/projects/osd/main/2014/06/pre-processing/shotgun/adapter-clipping/lgc/combined/Sample_OSD69/fastq/OSD69_R2.fastq.gz
ea695dc9d22d6082dbf0076957ee1abd,OSD6_R1_shotgun_raw.fastq.gz,/bioinf/projects/osd/main/2014/06/pre-processing/shotgun/adapter-clipping/lgc/combined/Sample_OSD6/fastq/OSD6_R1.fastq.gz
3c8cb4958b928cd4b4e2949528ba40a8,OSD6_R2_shotgun_raw.fastq.gz,/bioinf/projects/osd/main/2014/06/pre-processing/shotgun/adapter-clipping/lgc/combined/Sample_OSD6/fastq/OSD6_R2.fastq.gz
48b7e1f46b4f9cba8ec0a64a046d5a4d,OSD70_R1_shotgun_raw.fastq.gz,/bioinf/projects/osd/main/2014/06/pre-processing/shotgun/adapter-clipping/lgc/combined/Sample_OSD70/fastq/OSD70_R1.fastq.gz
0bbaf5adae0224fde84025681cc4a9f3,OSD70_R2_shotgun_raw.fastq.gz,/bioinf/projects/osd/main/2014/06/pre-processing/shotgun/adapter-clipping/lgc/combined/Sample_OSD70/fastq/OSD70_R2.fastq.gz
19ddec0d61e01ca8b051867dc027315f,OSD71_R1_shotgun_raw.fastq.gz,/bioinf/projects/osd/main/2014/06/pre-processing/shotgun/adapter-clipping/lgc/combined/Sample_OSD71/fastq/OSD71_R1.fastq.gz
bc8d465960d84be7aaf597d8e90e2538,OSD71_R2_shotgun_raw.fastq.gz,/bioinf/projects/osd/main/2014/06/pre-processing/shotgun/adapter-clipping/lgc/combined/Sample_OSD71/fastq/OSD71_R2.fastq.gz
f95add317c0a3ce20094aed424576470,OSD72_R1_shotgun_raw.fastq.gz,/bioinf/projects/osd/main/2014/06/pre-processing/shotgun/adapter-clipping/lgc/combined/Sample_OSD72/fastq/OSD72_R1.fastq.gz
6e549d27c4e34c45d4f1e4c0b38124c5,OSD72_R2_shotgun_raw.fastq.gz,/bioinf/projects/osd/main/2014/06/pre-processing/shotgun/adapter-clipping/lgc/combined/Sample_OSD72/fastq/OSD72_R2.fastq.gz
e14d869caf36d971dfecb26edf6a7c55,OSD73_R1_shotgun_raw.fastq.gz,/bioinf/projects/osd/main/2014/06/pre-processing/shotgun/adapter-clipping/lgc/combined/Sample_OSD73/fastq/OSD73_R1.fastq.gz
4e25b9c3bb9db37b14b729366a053c29,OSD73_R2_shotgun_raw.fastq.gz,/bioinf/projects/osd/main/2014/06/pre-processing/shotgun/adapter-clipping/lgc/combined/Sample_OSD73/fastq/OSD73_R2.fastq.gz
9ece3901a016d69694646b9b321cf14d,OSD74_R1_shotgun_raw.fastq.gz,/bioinf/projects/osd/main/2014/06/pre-processing/shotgun/adapter-clipping/lgc/combined/Sample_OSD74/fastq/OSD74_R1.fastq.gz
8a7b6b5d5b8383c19bfcf37224a9e499,OSD74_R2_shotgun_raw.fastq.gz,/bioinf/projects/osd/main/2014/06/pre-processing/shotgun/adapter-clipping/lgc/combined/Sample_OSD74/fastq/OSD74_R2.fastq.gz
ec2be40970d11ad9c0f4ffbc2b5a6cdb,OSD76_R1_shotgun_raw.fastq.gz,/bioinf/projects/osd/main/2014/06/pre-processing/shotgun/adapter-clipping/lgc/combined/Sample_OSD76/fastq/OSD76_R1.fastq.gz
4b17516682b8bb890207c85b15e0f98b,OSD76_R2_shotgun_raw.fastq.gz,/bioinf/projects/osd/main/2014/06/pre-processing/shotgun/adapter-clipping/lgc/combined/Sample_OSD76/fastq/OSD76_R2.fastq.gz
31329a17ee9740091efa5954ee285fbd,OSD77_R1_shotgun_raw.fastq.gz,/bioinf/projects/osd/main/2014/06/pre-processing/shotgun/adapter-clipping/lgc/combined/Sample_OSD77/fastq/OSD77_R1.fastq.gz
88ce2eaecef326e670cfade12a2f291b,OSD77_R2_shotgun_raw.fastq.gz,/bioinf/projects/osd/main/2014/06/pre-processing/shotgun/adapter-clipping/lgc/combined/Sample_OSD77/fastq/OSD77_R2.fastq.gz
a00d46712587923dd5e6bdf0fe95b73f,OSD78_R1_shotgun_raw.fastq.gz,/bioinf/projects/osd/main/2014/06/pre-processing/shotgun/adapter-clipping/lgc/combined/Sample_OSD78/fastq/OSD78_R1.fastq.gz
17cfca3de92ede0c8023a6141a67c88c,OSD78_R2_shotgun_raw.fastq.gz,/bioinf/projects/osd/main/2014/06/pre-processing/shotgun/adapter-clipping/lgc/combined/Sample_OSD78/fastq/OSD78_R2.fastq.gz
bdae827dce33eacd91324f155bd055c6,OSD7_R1_shotgun_raw.fastq.gz,/bioinf/projects/osd/main/2014/06/pre-processing/shotgun/adapter-clipping/lgc/combined/Sample_OSD7/fastq/OSD7_R1.fastq.gz
02790d07c326115ef7cbd7c35e3a19f8,OSD7_R2_shotgun_raw.fastq.gz,/bioinf/projects/osd/main/2014/06/pre-processing/shotgun/adapter-clipping/lgc/combined/Sample_OSD7/fastq/OSD7_R2.fastq.gz
f15b2a102cd43c786a960c82a591965c,OSD80-2m-depth_R1_shotgun_raw.fastq.gz,/bioinf/projects/osd/main/2014/06/pre-processing/shotgun/adapter-clipping/lgc/combined/Sample_OSD80-2m-depth/fastq/OSD80-2m-depth_R1.fastq.gz
b3c75105a8197c2203a9b76a3af0ce35,OSD80-2m-depth_R2_shotgun_raw.fastq.gz,/bioinf/projects/osd/main/2014/06/pre-processing/shotgun/adapter-clipping/lgc/combined/Sample_OSD80-2m-depth/fastq/OSD80-2m-depth_R2.fastq.gz
ba42336f35d4f6d67e640bcbc2662da3,OSD80_R1_shotgun_raw.fastq.gz,/bioinf/projects/osd/main/2014/06/pre-processing/shotgun/adapter-clipping/lgc/combined/Sample_OSD80/fastq/OSD80_R1.fastq.gz
b740a2f7dbdd1a7232576ddb09488ea2,OSD80_R2_shotgun_raw.fastq.gz,/bioinf/projects/osd/main/2014/06/pre-processing/shotgun/adapter-clipping/lgc/combined/Sample_OSD80/fastq/OSD80_R2.fastq.gz
dbbdc0f78b9f497da17987e24ee2ce51,OSD81_R1_shotgun_raw.fastq.gz,/bioinf/projects/osd/main/2014/06/pre-processing/shotgun/adapter-clipping/lgc/combined/Sample_OSD81/fastq/OSD81_R1.fastq.gz
9eeb8457eff9d990056a861618a1a051,OSD81_R2_shotgun_raw.fastq.gz,/bioinf/projects/osd/main/2014/06/pre-processing/shotgun/adapter-clipping/lgc/combined/Sample_OSD81/fastq/OSD81_R2.fastq.gz
ea26073075a6a868a22bbfb36e851cde,OSD90_R1_shotgun_raw.fastq.gz,/bioinf/projects/osd/main/2014/06/pre-processing/shotgun/adapter-clipping/lgc/combined/Sample_OSD90/fastq/OSD90_R1.fastq.gz
fac258c9a8e39c55176888676cf87beb,OSD90_R2_shotgun_raw.fastq.gz,/bioinf/projects/osd/main/2014/06/pre-processing/shotgun/adapter-clipping/lgc/combined/Sample_OSD90/fastq/OSD90_R2.fastq.gz
ba274995bfe0c00613cfa0eda161b04e,OSD91_R1_shotgun_raw.fastq.gz,/bioinf/projects/osd/main/2014/06/pre-processing/shotgun/adapter-clipping/lgc/combined/Sample_OSD91/fastq/OSD91_R1.fastq.gz
fe7da7fd87256e77b39ca494c8f6f762,OSD91_R2_shotgun_raw.fastq.gz,/bioinf/projects/osd/main/2014/06/pre-processing/shotgun/adapter-clipping/lgc/combined/Sample_OSD91/fastq/OSD91_R2.fastq.gz
d3c971ee4ac05ea2d196fb79303b3095,OSD92_R1_shotgun_raw.fastq.gz,/bioinf/projects/osd/main/2014/06/pre-processing/shotgun/adapter-clipping/lgc/combined/Sample_OSD92/fastq/OSD92_R1.fastq.gz
1bb806a985ff38906b71b3bc8e6647a5,OSD92_R2_shotgun_raw.fastq.gz,/bioinf/projects/osd/main/2014/06/pre-processing/shotgun/adapter-clipping/lgc/combined/Sample_OSD92/fastq/OSD92_R2.fastq.gz
cd28a5046a1827c8cbfeae8cabecaa17,OSD93_R1_shotgun_raw.fastq.gz,/bioinf/projects/osd/main/2014/06/pre-processing/shotgun/adapter-clipping/lgc/combined/Sample_OSD93/fastq/OSD93_R1.fastq.gz
3dc1476542b7b865c95d0dc8318c1950,OSD93_R2_shotgun_raw.fastq.gz,/bioinf/projects/osd/main/2014/06/pre-processing/shotgun/adapter-clipping/lgc/combined/Sample_OSD93/fastq/OSD93_R2.fastq.gz
a63258b3a5fba37da56d70354d7df666,OSD94_R1_shotgun_raw.fastq.gz,/bioinf/projects/osd/main/2014/06/pre-processing/shotgun/adapter-clipping/lgc/combined/Sample_OSD94/fastq/OSD94_R1.fastq.gz
9894c0d29a7bc9f7f8b97464ef000b09,OSD94_R2_shotgun_raw.fastq.gz,/bioinf/projects/osd/main/2014/06/pre-processing/shotgun/adapter-clipping/lgc/combined/Sample_OSD94/fastq/OSD94_R2.fastq.gz
63394508565397642367c9b6c89ea4cd,OSD95_R1_shotgun_raw.fastq.gz,/bioinf/projects/osd/main/2014/06/pre-processing/shotgun/adapter-clipping/lgc/combined/Sample_OSD95/fastq/OSD95_R1.fastq.gz
bcab9b4cf4b101646f69de0f035a57e1,OSD95_R2_shotgun_raw.fastq.gz,/bioinf/projects/osd/main/2014/06/pre-processing/shotgun/adapter-clipping/lgc/combined/Sample_OSD95/fastq/OSD95_R2.fastq.gz
6ae33fe43c702f1015588a15bd396be4,OSD96_R1_shotgun_raw.fastq.gz,/bioinf/projects/osd/main/2014/06/pre-processing/shotgun/adapter-clipping/lgc/combined/Sample_OSD96/fastq/OSD96_R1.fastq.gz
6c874be84a1c1c8a4b1053c2c1b1dc13,OSD96_R2_shotgun_raw.fastq.gz,/bioinf/projects/osd/main/2014/06/pre-processing/shotgun/adapter-clipping/lgc/combined/Sample_OSD96/fastq/OSD96_R2.fastq.gz
a945e20018f28c59ecc70dcfdb0316eb,OSD97_R1_shotgun_raw.fastq.gz,/bioinf/projects/osd/main/2014/06/pre-processing/shotgun/adapter-clipping/lgc/combined/Sample_OSD97/fastq/OSD97_R1.fastq.gz
7db2288b22a9df51c3878746a29538de,OSD97_R2_shotgun_raw.fastq.gz,/bioinf/projects/osd/main/2014/06/pre-processing/shotgun/adapter-clipping/lgc/combined/Sample_OSD97/fastq/OSD97_R2.fastq.gz
9a230636be170eceb935d68578b9b0ba,OSD98_R1_shotgun_raw.fastq.gz,/bioinf/projects/osd/main/2014/06/pre-processing/shotgun/adapter-clipping/lgc/combined/Sample_OSD98/fastq/OSD98_R1.fastq.gz
1fc47c6ed2237fa405fd4b5a5a805d04,OSD98_R2_shotgun_raw.fastq.gz,/bioinf/projects/osd/main/2014/06/pre-processing/shotgun/adapter-clipping/lgc/combined/Sample_OSD98/fastq/OSD98_R2.fastq.gz
8bbc50729cf7b2b2c2df7add2bf36d63,OSD99_R1_shotgun_raw.fastq.gz,/bioinf/projects/osd/main/2014/06/pre-processing/shotgun/adapter-clipping/lgc/combined/Sample_OSD99/fastq/OSD99_R1.fastq.gz
d51ad39de76b11d63a3a8cc6ce79d60a,OSD99_R2_shotgun_raw.fastq.gz,/bioinf/projects/osd/main/2014/06/pre-processing/shotgun/adapter-clipping/lgc/combined/Sample_OSD99/fastq/OSD99_R2.fastq.gz
31a1514e5d23648beb52913d4740baa9,OSD9_R1_shotgun_raw.fastq.gz,/bioinf/projects/osd/main/2014/06/pre-processing/shotgun/adapter-clipping/lgc/combined/Sample_OSD9/fastq/OSD9_R1.fastq.gz
a6f44f154e098f5385c0e8e181afd628,OSD9_R2_shotgun_raw.fastq.gz,/bioinf/projects/osd/main/2014/06/pre-processing/shotgun/adapter-clipping/lgc/combined/Sample_OSD9/fastq/OSD9_R2.fastq.gz
