633f60060af8af9f90166c728d3b7a25,OSD100-1m-depth_16S_lgc_workable.fasta.gz,/bioinf/projects/osd/main/2014/06/pre-processing/16S/quality-trimming/lgc/Sample_515F-806R-OSD100-1m-depth/fasta/OSD100-1m-depth_16S_lgc_workable.fasta.gz
4fb7f98814f2f21c1b442e83ae343853,OSD100-1m-depth_18S_lgc_workable.fasta.gz,/bioinf/projects/osd/main/2014/06/pre-processing/18S/quality-trimming/lgc/Sample_Eu565F-Eu981R-OSD100-1m-depth/fasta/OSD100-1m-depth_18S_lgc_workable.fasta.gz
01e2e347f5a058eb9d995fc1f7087487,OSD100-20m-depth_16S_lgc_workable.fasta.gz,/bioinf/projects/osd/main/2014/06/pre-processing/16S/quality-trimming/lgc/Sample_515F-806R-OSD100-20m-depth/fasta/OSD100-20m-depth_16S_lgc_workable.fasta.gz
683a63a7c174e12828514e7cd6c9e287,OSD100-20m-depth_18S_lgc_workable.fasta.gz,/bioinf/projects/osd/main/2014/06/pre-processing/18S/quality-trimming/lgc/Sample_Eu565F-Eu981R-OSD100-20m-depth/fasta/OSD100-20m-depth_18S_lgc_workable.fasta.gz
5d07e9223d73431b9ff853748e4bbe8b,OSD101_16S_lgc_workable.fasta.gz,/bioinf/projects/osd/main/2014/06/pre-processing/16S/quality-trimming/lgc/Sample_515F-806R-OSD101/fasta/OSD101_16S_lgc_workable.fasta.gz
c4a8202449cfd828b8f2ece4b80befe6,OSD101_18S_lgc_workable.fasta.gz,/bioinf/projects/osd/main/2014/06/pre-processing/18S/quality-trimming/lgc/Sample_Eu565F-Eu981R-OSD101/fasta/OSD101_18S_lgc_workable.fasta.gz
bf67d70bf9c7a992a65aa9ecb0676ec3,OSD10_16S_lgc_workable.fasta.gz,/bioinf/projects/osd/main/2014/06/pre-processing/16S/quality-trimming/lgc/Sample_515F-806R-OSD10/fasta/OSD10_16S_lgc_workable.fasta.gz
f57e326658e86604b773dc28f790fa4d,OSD10_18S_lgc_workable.fasta.gz,/bioinf/projects/osd/main/2014/06/pre-processing/18S/quality-trimming/lgc/Sample_Eu565F-Eu981R-OSD10/fasta/OSD10_18S_lgc_workable.fasta.gz
d8ce9b850b8246b056af8943c319ff43,OSD102_16S_lgc_workable.fasta.gz,/bioinf/projects/osd/main/2014/06/pre-processing/16S/quality-trimming/lgc/Sample_515F-806R-OSD102/fasta/OSD102_16S_lgc_workable.fasta.gz
aac2b485af013d94dfc9df828806f1c5,OSD102_18S_lgc_workable.fasta.gz,/bioinf/projects/osd/main/2014/06/pre-processing/18S/quality-trimming/lgc/Sample_Eu565F-Eu981R-OSD102/fasta/OSD102_18S_lgc_workable.fasta.gz
ee0b7a14501fe60461851308d4207a7f,OSD103_16S_lgc_workable.fasta.gz,/bioinf/projects/osd/main/2014/06/pre-processing/16S/quality-trimming/lgc/Sample_515F-806R-OSD103/fasta/OSD103_16S_lgc_workable.fasta.gz
62e642a9eddc7144d8d0cf0f39fd8805,OSD103_18S_lgc_workable.fasta.gz,/bioinf/projects/osd/main/2014/06/pre-processing/18S/quality-trimming/lgc/Sample_Eu565F-Eu981R-OSD103/fasta/OSD103_18S_lgc_workable.fasta.gz
bd01ede020fcef00d3a8ea164c0e18fa,OSD105_16S_lgc_workable.fasta.gz,/bioinf/projects/osd/main/2014/06/pre-processing/16S/quality-trimming/lgc/Sample_515F-806R-OSD105/fasta/OSD105_16S_lgc_workable.fasta.gz
46defa777b2a2f3b28ad0794ab3f64eb,OSD105_18S_lgc_workable.fasta.gz,/bioinf/projects/osd/main/2014/06/pre-processing/18S/quality-trimming/lgc/Sample_Eu565F-Eu981R-OSD105/fasta/OSD105_18S_lgc_workable.fasta.gz
6148dbf4714ec7bf300c061559b63ea6,OSD106-sea-water-bottom_16S_lgc_workable.fasta.gz,/bioinf/projects/osd/main/2014/06/pre-processing/16S/quality-trimming/lgc/Sample_515F-806R-OSD106-sea-water-bottom/fasta/OSD106-sea-water-bottom_16S_lgc_workable.fasta.gz
155da7eb5e5536cb2fcef86c2ee0e573,OSD106-sea-water-bottom_18S_lgc_workable.fasta.gz,/bioinf/projects/osd/main/2014/06/pre-processing/18S/quality-trimming/lgc/Sample_Eu565F-Eu981R-OSD106-sea-water-bottom/fasta/OSD106-sea-water-bottom_18S_lgc_workable.fasta.gz
77ffc44a580c733e468234666f1e2005,OSD106-surface_16S_lgc_workable.fasta.gz,/bioinf/projects/osd/main/2014/06/pre-processing/16S/quality-trimming/lgc/Sample_515F-806R-OSD106-surface/fasta/OSD106-surface_16S_lgc_workable.fasta.gz
2485d60f136cad562362a980ea966c84,OSD106-surface_18S_lgc_workable.fasta.gz,/bioinf/projects/osd/main/2014/06/pre-processing/18S/quality-trimming/lgc/Sample_Eu565F-Eu981R-OSD106-surface/fasta/OSD106-surface_18S_lgc_workable.fasta.gz
38b232b4686805024586837fdf59853a,OSD107_16S_lgc_workable.fasta.gz,/bioinf/projects/osd/main/2014/06/pre-processing/16S/quality-trimming/lgc/Sample_515F-806R-OSD107/fasta/OSD107_16S_lgc_workable.fasta.gz
6a700c8f9f4e1e5267e13ada5c040f34,OSD107_18S_lgc_workable.fasta.gz,/bioinf/projects/osd/main/2014/06/pre-processing/18S/quality-trimming/lgc/Sample_Eu565F-Eu981R-OSD107/fasta/OSD107_18S_lgc_workable.fasta.gz
9f752c70dd3752d2de809dc738117db1,OSD108_16S_lgc_workable.fasta.gz,/bioinf/projects/osd/main/2014/06/pre-processing/16S/quality-trimming/lgc/Sample_515F-806R-OSD108/fasta/OSD108_16S_lgc_workable.fasta.gz
8862fda65b751c551e78f204efcf26a6,OSD108_18S_lgc_workable.fasta.gz,/bioinf/projects/osd/main/2014/06/pre-processing/18S/quality-trimming/lgc/Sample_Eu565F-Eu981R-OSD108/fasta/OSD108_18S_lgc_workable.fasta.gz
9f69feebb6924cb7d7e22a858677f461,OSD109_16S_lgc_workable.fasta.gz,/bioinf/projects/osd/main/2014/06/pre-processing/16S/quality-trimming/lgc/Sample_515F-806R-OSD109/fasta/OSD109_16S_lgc_workable.fasta.gz
8daa5ca948b8ec0cdc16cf64f2c5973f,OSD109_18S_lgc_workable.fasta.gz,/bioinf/projects/osd/main/2014/06/pre-processing/18S/quality-trimming/lgc/Sample_Eu565F-Eu981R-OSD109/fasta/OSD109_18S_lgc_workable.fasta.gz
5174f9b0058a8ead4128b9e2d47e3c9c,OSD110_16S_lgc_workable.fasta.gz,/bioinf/projects/osd/main/2014/06/pre-processing/16S/quality-trimming/lgc/Sample_515F-806R-OSD110/fasta/OSD110_16S_lgc_workable.fasta.gz
af5636ce94c048b4b64c21a3ac5a0a5d,OSD110_18S_lgc_workable.fasta.gz,/bioinf/projects/osd/main/2014/06/pre-processing/18S/quality-trimming/lgc/Sample_Eu565F-Eu981R-OSD110/fasta/OSD110_18S_lgc_workable.fasta.gz
521c1ae1ecd3045ae9233d1ea548b344,OSD111_16S_lgc_workable.fasta.gz,/bioinf/projects/osd/main/2014/06/pre-processing/16S/quality-trimming/lgc/Sample_515F-806R-OSD111/fasta/OSD111_16S_lgc_workable.fasta.gz
4b2d05539bac864073c99d8fbc67bc46,OSD111_18S_lgc_workable.fasta.gz,/bioinf/projects/osd/main/2014/06/pre-processing/18S/quality-trimming/lgc/Sample_Eu565F-Eu981R-OSD111/fasta/OSD111_18S_lgc_workable.fasta.gz
7fea995463bf70d72d2fb6774b0f15e2,OSD113_16S_lgc_workable.fasta.gz,/bioinf/projects/osd/main/2014/06/pre-processing/16S/quality-trimming/lgc/Sample_515F-806R-OSD113/fasta/OSD113_16S_lgc_workable.fasta.gz
b72a8b81311ea0f7dfd295e960409916,OSD113_18S_lgc_workable.fasta.gz,/bioinf/projects/osd/main/2014/06/pre-processing/18S/quality-trimming/lgc/Sample_Eu565F-Eu981R-OSD113/fasta/OSD113_18S_lgc_workable.fasta.gz
1ddbedbf5ad7ded2c48ecd708a01eb6d,OSD114_16S_lgc_workable.fasta.gz,/bioinf/projects/osd/main/2014/06/pre-processing/16S/quality-trimming/lgc/Sample_515F-806R-OSD114/fasta/OSD114_16S_lgc_workable.fasta.gz
84623771704f365b4343afdf1b658ca8,OSD114_18S_lgc_workable.fasta.gz,/bioinf/projects/osd/main/2014/06/pre-processing/18S/quality-trimming/lgc/Sample_Eu565F-Eu981R-OSD114/fasta/OSD114_18S_lgc_workable.fasta.gz
b97ec302102fa74074c5cfe644b10c21,OSD115_16S_lgc_workable.fasta.gz,/bioinf/projects/osd/main/2014/06/pre-processing/16S/quality-trimming/lgc/Sample_515F-806R-OSD115/fasta/OSD115_16S_lgc_workable.fasta.gz
8641464edd1d5b36e852771b6f9ad4e0,OSD115_18S_lgc_workable.fasta.gz,/bioinf/projects/osd/main/2014/06/pre-processing/18S/quality-trimming/lgc/Sample_Eu565F-Eu981R-OSD115/fasta/OSD115_18S_lgc_workable.fasta.gz
bb1ded525ce909c4f2822249f3052325,OSD116_16S_lgc_workable.fasta.gz,/bioinf/projects/osd/main/2014/06/pre-processing/16S/quality-trimming/lgc/Sample_515F-806R-OSD116/fasta/OSD116_16S_lgc_workable.fasta.gz
c672913430fb314a565ff108b75c8864,OSD116_18S_lgc_workable.fasta.gz,/bioinf/projects/osd/main/2014/06/pre-processing/18S/quality-trimming/lgc/Sample_Eu565F-Eu981R-OSD116/fasta/OSD116_18S_lgc_workable.fasta.gz
b859af239a95c74d2c32a6e99efdfb2d,OSD1_16S_lgc_workable.fasta.gz,/bioinf/projects/osd/main/2014/06/pre-processing/16S/quality-trimming/lgc/Sample_515F-806R-OSD1/fasta/OSD1_16S_lgc_workable.fasta.gz
d084b021379d2da6b65a11baaccbf88a,OSD117_16S_lgc_workable.fasta.gz,/bioinf/projects/osd/main/2014/06/pre-processing/16S/quality-trimming/lgc/Sample_515F-806R-OSD117/fasta/OSD117_16S_lgc_workable.fasta.gz
978ddad2b956a08a2f3d23d5161a7bd9,OSD117_18S_lgc_workable.fasta.gz,/bioinf/projects/osd/main/2014/06/pre-processing/18S/quality-trimming/lgc/Sample_Eu565F-Eu981R-OSD117/fasta/OSD117_18S_lgc_workable.fasta.gz
9396e14899bb7a944798aab9d1a90a5f,OSD118_16S_lgc_workable.fasta.gz,/bioinf/projects/osd/main/2014/06/pre-processing/16S/quality-trimming/lgc/Sample_515F-806R-OSD118/fasta/OSD118_16S_lgc_workable.fasta.gz
ad799894eac32645dc43bb574d9174f3,OSD118_18S_lgc_workable.fasta.gz,/bioinf/projects/osd/main/2014/06/pre-processing/18S/quality-trimming/lgc/Sample_Eu565F-Eu981R-OSD118/fasta/OSD118_18S_lgc_workable.fasta.gz
c7437c1bc0995efb8db286a8b7513486,OSD1_18S_lgc_workable.fasta.gz,/bioinf/projects/osd/main/2014/06/pre-processing/18S/quality-trimming/lgc/Sample_Eu565F-Eu981R-OSD1/fasta/OSD1_18S_lgc_workable.fasta.gz
01aa21f45d92605d0cf218a9d4965f5d,OSD122_16S_lgc_workable.fasta.gz,/bioinf/projects/osd/main/2014/06/pre-processing/16S/quality-trimming/lgc/Sample_515F-806R-OSD122/fasta/OSD122_16S_lgc_workable.fasta.gz
e69358e53ab4b0e1a918b409f3d0ff79,OSD122_18S_lgc_workable.fasta.gz,/bioinf/projects/osd/main/2014/06/pre-processing/18S/quality-trimming/lgc/Sample_Eu565F-Eu981R-OSD122/fasta/OSD122_18S_lgc_workable.fasta.gz
3fc048b020c98b65ca2e73be3a561635,OSD123_16S_lgc_workable.fasta.gz,/bioinf/projects/osd/main/2014/06/pre-processing/16S/quality-trimming/lgc/Sample_515F-806R-OSD123/fasta/OSD123_16S_lgc_workable.fasta.gz
d84e7257280910b62b1679525b8ab800,OSD123_18S_lgc_workable.fasta.gz,/bioinf/projects/osd/main/2014/06/pre-processing/18S/quality-trimming/lgc/Sample_Eu565F-Eu981R-OSD123/fasta/OSD123_18S_lgc_workable.fasta.gz
5dc137d4266262bafc77104a261f8e75,OSD123_18S_v4_lw_workable.fasta.gz,/bioinf/projects/osd/main/2014/06/pre-processing/18S/quality-trimming/lifewatch-italy/V4/Sample_OSD123/fasta/OSD123_18S_v4_lw_workable.fasta.gz
75882478e9006b9836aecf44c81826c5,OSD123_18S_v9_lw_workable.fasta.gz,/bioinf/projects/osd/main/2014/06/pre-processing/18S/quality-trimming/lifewatch-italy/V9/Sample_OSD123/fasta/OSD123_18S_v9_lw_workable.fasta.gz
a2e67bb743212178940258dae131d6f8,OSD124_16S_lgc_workable.fasta.gz,/bioinf/projects/osd/main/2014/06/pre-processing/16S/quality-trimming/lgc/Sample_515F-806R-OSD124/fasta/OSD124_16S_lgc_workable.fasta.gz
cc3a59d36b9ff637df4ab971d18be2ca,OSD124_18S_lgc_workable.fasta.gz,/bioinf/projects/osd/main/2014/06/pre-processing/18S/quality-trimming/lgc/Sample_Eu565F-Eu981R-OSD124/fasta/OSD124_18S_lgc_workable.fasta.gz
05c78a1486276e6771c7fd57c610458d,OSD124_18S_v4_lw_workable.fasta.gz,/bioinf/projects/osd/main/2014/06/pre-processing/18S/quality-trimming/lifewatch-italy/V4/Sample_OSD124/fasta/OSD124_18S_v4_lw_workable.fasta.gz
89799f41ba6608682a83f1ec685eed80,OSD124_18S_v9_lw_workable.fasta.gz,/bioinf/projects/osd/main/2014/06/pre-processing/18S/quality-trimming/lifewatch-italy/V9/Sample_OSD124/fasta/OSD124_18S_v9_lw_workable.fasta.gz
c5fdeea26be87d8fdcf1ef1b94caf1da,OSD125_16S_lgc_workable.fasta.gz,/bioinf/projects/osd/main/2014/06/pre-processing/16S/quality-trimming/lgc/Sample_515F-806R-OSD125/fasta/OSD125_16S_lgc_workable.fasta.gz
a3e1fccf789b7bd944dfedc18cbe0192,OSD125_18S_lgc_workable.fasta.gz,/bioinf/projects/osd/main/2014/06/pre-processing/18S/quality-trimming/lgc/Sample_Eu565F-Eu981R-OSD125/fasta/OSD125_18S_lgc_workable.fasta.gz
b6279e166d7eea973ed9e664bb17f1c8,OSD126_16S_lgc_workable.fasta.gz,/bioinf/projects/osd/main/2014/06/pre-processing/16S/quality-trimming/lgc/Sample_515F-806R-OSD126/fasta/OSD126_16S_lgc_workable.fasta.gz
66a1671f6a726dca3e203321da5707c0,OSD126_18S_lgc_workable.fasta.gz,/bioinf/projects/osd/main/2014/06/pre-processing/18S/quality-trimming/lgc/Sample_Eu565F-Eu981R-OSD126/fasta/OSD126_18S_lgc_workable.fasta.gz
65f68dfedb2d1c420b962fd3d4d6d084,OSD127_16S_lgc_workable.fasta.gz,/bioinf/projects/osd/main/2014/06/pre-processing/16S/quality-trimming/lgc/Sample_515F-806R-OSD127/fasta/OSD127_16S_lgc_workable.fasta.gz
5bf8defeafd2724fe8f409af4854bcdd,OSD127_18S_lgc_workable.fasta.gz,/bioinf/projects/osd/main/2014/06/pre-processing/18S/quality-trimming/lgc/Sample_Eu565F-Eu981R-OSD127/fasta/OSD127_18S_lgc_workable.fasta.gz
a2dc71fde858f9d3412bccf52976bd6f,OSD128_16S_lgc_workable.fasta.gz,/bioinf/projects/osd/main/2014/06/pre-processing/16S/quality-trimming/lgc/Sample_515F-806R-OSD128/fasta/OSD128_16S_lgc_workable.fasta.gz
b38084b7fa48daf5fd831c6a174a1cc6,OSD128_18S_lgc_workable.fasta.gz,/bioinf/projects/osd/main/2014/06/pre-processing/18S/quality-trimming/lgc/Sample_Eu565F-Eu981R-OSD128/fasta/OSD128_18S_lgc_workable.fasta.gz
411cf23a93dd42c56f64a3f22854b006,OSD129_16S_lgc_workable.fasta.gz,/bioinf/projects/osd/main/2014/06/pre-processing/16S/quality-trimming/lgc/Sample_515F-806R-OSD129/fasta/OSD129_16S_lgc_workable.fasta.gz
35c2137f39e1f99acf0dd0f819c8950e,OSD129_18S_lgc_workable.fasta.gz,/bioinf/projects/osd/main/2014/06/pre-processing/18S/quality-trimming/lgc/Sample_Eu565F-Eu981R-OSD129/fasta/OSD129_18S_lgc_workable.fasta.gz
8503f9f3cef933a46c25f78def3f1899,OSD130_16S_lgc_workable.fasta.gz,/bioinf/projects/osd/main/2014/06/pre-processing/16S/quality-trimming/lgc/Sample_515F-806R-OSD130/fasta/OSD130_16S_lgc_workable.fasta.gz
1ddbe540b0a4cf058966bb7b836e5202,OSD130_18S_lgc_workable.fasta.gz,/bioinf/projects/osd/main/2014/06/pre-processing/18S/quality-trimming/lgc/Sample_Eu565F-Eu981R-OSD130/fasta/OSD130_18S_lgc_workable.fasta.gz
408db542ded96fc99a42d6a5ab974dd0,OSD131_16S_lgc_workable.fasta.gz,/bioinf/projects/osd/main/2014/06/pre-processing/16S/quality-trimming/lgc/Sample_515F-806R-OSD131/fasta/OSD131_16S_lgc_workable.fasta.gz
58f1d08ddbe9616122cd4d6491036700,OSD131_18S_lgc_workable.fasta.gz,/bioinf/projects/osd/main/2014/06/pre-processing/18S/quality-trimming/lgc/Sample_Eu565F-Eu981R-OSD131/fasta/OSD131_18S_lgc_workable.fasta.gz
f3a5a52a6b0231cdf7c2496ec98e8307,OSD13_16S_lgc_workable.fasta.gz,/bioinf/projects/osd/main/2014/06/pre-processing/16S/quality-trimming/lgc/Sample_515F-806R-OSD13/fasta/OSD13_16S_lgc_workable.fasta.gz
17a222522e34d39efcaf1bbfcd18cacb,OSD13_18S_lgc_workable.fasta.gz,/bioinf/projects/osd/main/2014/06/pre-processing/18S/quality-trimming/lgc/Sample_Eu565F-Eu981R-OSD13/fasta/OSD13_18S_lgc_workable.fasta.gz
995b4a82da7968fafc246f6079a31161,OSD132_16S_lgc_workable.fasta.gz,/bioinf/projects/osd/main/2014/06/pre-processing/16S/quality-trimming/lgc/Sample_515F-806R-OSD132/fasta/OSD132_16S_lgc_workable.fasta.gz
8b9c3b54cd940d2cd8015894e144ba3c,OSD132_18S_lgc_workable.fasta.gz,/bioinf/projects/osd/main/2014/06/pre-processing/18S/quality-trimming/lgc/Sample_Eu565F-Eu981R-OSD132/fasta/OSD132_18S_lgc_workable.fasta.gz
85f6a5ca41fb200c596dd981e3d8fb04,OSD132_18S_v4_lw_workable.fasta.gz,/bioinf/projects/osd/main/2014/06/pre-processing/18S/quality-trimming/lifewatch-italy/V4/Sample_OSD132/fasta/OSD132_18S_v4_lw_workable.fasta.gz
36eec3e915ea35ee03af94994f530e06,OSD132_18S_v9_lw_workable.fasta.gz,/bioinf/projects/osd/main/2014/06/pre-processing/18S/quality-trimming/lifewatch-italy/V9/Sample_OSD132/fasta/OSD132_18S_v9_lw_workable.fasta.gz
730cc3c1dd6b78ff1e66be39a6efe798,OSD133_16S_lgc_workable.fasta.gz,/bioinf/projects/osd/main/2014/06/pre-processing/16S/quality-trimming/lgc/Sample_515F-806R-OSD133/fasta/OSD133_16S_lgc_workable.fasta.gz
4401563f502156b3dd6ca1146b4a52a4,OSD133_18S_lgc_workable.fasta.gz,/bioinf/projects/osd/main/2014/06/pre-processing/18S/quality-trimming/lgc/Sample_Eu565F-Eu981R-OSD133/fasta/OSD133_18S_lgc_workable.fasta.gz
6062cef0baed86bd82d4623633e7c552,OSD141_16S_lgc_workable.fasta.gz,/bioinf/projects/osd/main/2014/06/pre-processing/16S/quality-trimming/lgc/Sample_515F-806R-OSD141/fasta/OSD141_16S_lgc_workable.fasta.gz
c9cf3e15e1fa5831b3a3c29b8293fc77,OSD141_18S_lgc_workable.fasta.gz,/bioinf/projects/osd/main/2014/06/pre-processing/18S/quality-trimming/lgc/Sample_Eu565F-Eu981R-OSD141/fasta/OSD141_18S_lgc_workable.fasta.gz
350c7cdbec5524ad139f372b805927f8,OSD141_18S_v4_lw_workable.fasta.gz,/bioinf/projects/osd/main/2014/06/pre-processing/18S/quality-trimming/lifewatch-italy/V4/Sample_OSD141/fasta/OSD141_18S_v4_lw_workable.fasta.gz
ec72732028ce4e10adbed0d59fe79f62,OSD141_18S_v9_lw_workable.fasta.gz,/bioinf/projects/osd/main/2014/06/pre-processing/18S/quality-trimming/lifewatch-italy/V9/Sample_OSD141/fasta/OSD141_18S_v9_lw_workable.fasta.gz
b1f4f878d03cec616e578c91beac8287,OSD14_16S_lgc_workable.fasta.gz,/bioinf/projects/osd/main/2014/06/pre-processing/16S/quality-trimming/lgc/Sample_515F-806R-OSD14/fasta/OSD14_16S_lgc_workable.fasta.gz
cb058eac882e50715c8f4061335b6dc6,OSD14_18S_lgc_workable.fasta.gz,/bioinf/projects/osd/main/2014/06/pre-processing/18S/quality-trimming/lgc/Sample_Eu565F-Eu981R-OSD14/fasta/OSD14_18S_lgc_workable.fasta.gz
6f6c0557218468cd794587b44179b9da,OSD14_18S_v4_lw_workable.fasta.gz,/bioinf/projects/osd/main/2014/06/pre-processing/18S/quality-trimming/lifewatch-italy/V4/Sample_OSD14/fasta/OSD14_18S_v4_lw_workable.fasta.gz
490d80569ca446cf3060a01ac26b2de9,OSD14_18S_v9_lw_workable.fasta.gz,/bioinf/projects/osd/main/2014/06/pre-processing/18S/quality-trimming/lifewatch-italy/V9/Sample_OSD14/fasta/OSD14_18S_v9_lw_workable.fasta.gz
a3ac01631bc342ce5caed4274d984687,OSD142_16S_lgc_workable.fasta.gz,/bioinf/projects/osd/main/2014/06/pre-processing/16S/quality-trimming/lgc/Sample_515F-806R-OSD142/fasta/OSD142_16S_lgc_workable.fasta.gz
4b80a64105b5bf66e1c3deebe1dd4132,OSD142_18S_lgc_workable.fasta.gz,/bioinf/projects/osd/main/2014/06/pre-processing/18S/quality-trimming/lgc/Sample_Eu565F-Eu981R-OSD142/fasta/OSD142_18S_lgc_workable.fasta.gz
dc71c83b166bff136d0691dbd88b62af,OSD143_16S_lgc_workable.fasta.gz,/bioinf/projects/osd/main/2014/06/pre-processing/16S/quality-trimming/lgc/Sample_515F-806R-OSD143/fasta/OSD143_16S_lgc_workable.fasta.gz
79402c66de4c26bfa676f573f70b77f4,OSD143_18S_lgc_workable.fasta.gz,/bioinf/projects/osd/main/2014/06/pre-processing/18S/quality-trimming/lgc/Sample_Eu565F-Eu981R-OSD143/fasta/OSD143_18S_lgc_workable.fasta.gz
38dfc90d986efc973aadb26bfc79ebb3,OSD143_18S_v4_lw_workable.fasta.gz,/bioinf/projects/osd/main/2014/06/pre-processing/18S/quality-trimming/lifewatch-italy/V4/Sample_OSD143/fasta/OSD143_18S_v4_lw_workable.fasta.gz
3c8eb208372764f8ff1b19e1f9fa0974,OSD143_18S_v9_lw_workable.fasta.gz,/bioinf/projects/osd/main/2014/06/pre-processing/18S/quality-trimming/lifewatch-italy/V9/Sample_OSD143/fasta/OSD143_18S_v9_lw_workable.fasta.gz
2b19b8fdc2a573879c52ba54928e4362,OSD144_16S_lgc_workable.fasta.gz,/bioinf/projects/osd/main/2014/06/pre-processing/16S/quality-trimming/lgc/Sample_515F-806R-OSD144/fasta/OSD144_16S_lgc_workable.fasta.gz
736a7074fb2d00f5fd1bff9940b93203,OSD144_18S_lgc_workable.fasta.gz,/bioinf/projects/osd/main/2014/06/pre-processing/18S/quality-trimming/lgc/Sample_Eu565F-Eu981R-OSD144/fasta/OSD144_18S_lgc_workable.fasta.gz
90595cf080492fd97947f971b5eecd6e,OSD145_16S_lgc_workable.fasta.gz,/bioinf/projects/osd/main/2014/06/pre-processing/16S/quality-trimming/lgc/Sample_515F-806R-OSD145/fasta/OSD145_16S_lgc_workable.fasta.gz
763f7407e34b0624148852982a5ecaa3,OSD145_18S_lgc_workable.fasta.gz,/bioinf/projects/osd/main/2014/06/pre-processing/18S/quality-trimming/lgc/Sample_Eu565F-Eu981R-OSD145/fasta/OSD145_18S_lgc_workable.fasta.gz
21143fa02b7a199db2e1648f399c2354,OSD146_16S_lgc_workable.fasta.gz,/bioinf/projects/osd/main/2014/06/pre-processing/16S/quality-trimming/lgc/Sample_515F-806R-OSD146/fasta/OSD146_16S_lgc_workable.fasta.gz
b874a58e5a75e24224f754c0ac86762c,OSD146_18S_lgc_workable.fasta.gz,/bioinf/projects/osd/main/2014/06/pre-processing/18S/quality-trimming/lgc/Sample_Eu565F-Eu981R-OSD146/fasta/OSD146_18S_lgc_workable.fasta.gz
a05a490bd269fc477c21ae551a68e481,OSD146_18S_v4_lw_workable.fasta.gz,/bioinf/projects/osd/main/2014/06/pre-processing/18S/quality-trimming/lifewatch-italy/V4/Sample_OSD146/fasta/OSD146_18S_v4_lw_workable.fasta.gz
b6046227d15821499d32d9116a7e989a,OSD146_18S_v9_lw_workable.fasta.gz,/bioinf/projects/osd/main/2014/06/pre-processing/18S/quality-trimming/lifewatch-italy/V9/Sample_OSD146/fasta/OSD146_18S_v9_lw_workable.fasta.gz
7976449edad3c6ff2df854a404cde674,OSD147_16S_lgc_workable.fasta.gz,/bioinf/projects/osd/main/2014/06/pre-processing/16S/quality-trimming/lgc/Sample_515F-806R-OSD147/fasta/OSD147_16S_lgc_workable.fasta.gz
667e6653569f4fe6d8a4a188dbed365c,OSD147_18S_lgc_workable.fasta.gz,/bioinf/projects/osd/main/2014/06/pre-processing/18S/quality-trimming/lgc/Sample_Eu565F-Eu981R-OSD147/fasta/OSD147_18S_lgc_workable.fasta.gz
ac89fb568883efbc3e65fd1a1dc64321,OSD148_16S_lgc_workable.fasta.gz,/bioinf/projects/osd/main/2014/06/pre-processing/16S/quality-trimming/lgc/Sample_515F-806R-OSD148/fasta/OSD148_16S_lgc_workable.fasta.gz
67f7e8558e55f26a39a13b38d4677b39,OSD148_18S_lgc_workable.fasta.gz,/bioinf/projects/osd/main/2014/06/pre-processing/18S/quality-trimming/lgc/Sample_Eu565F-Eu981R-OSD148/fasta/OSD148_18S_lgc_workable.fasta.gz
c33e005668fddf9f5b05a0d0942f9b9d,OSD149_16S_lgc_workable.fasta.gz,/bioinf/projects/osd/main/2014/06/pre-processing/16S/quality-trimming/lgc/Sample_515F-806R-OSD149/fasta/OSD149_16S_lgc_workable.fasta.gz
54a36d1174c6ad7a94f4b7baeb9c30a8,OSD149_18S_lgc_workable.fasta.gz,/bioinf/projects/osd/main/2014/06/pre-processing/18S/quality-trimming/lgc/Sample_Eu565F-Eu981R-OSD149/fasta/OSD149_18S_lgc_workable.fasta.gz
394fe1058d06dbcfbd887a205168c847,OSD149_18S_v4_lw_workable.fasta.gz,/bioinf/projects/osd/main/2014/06/pre-processing/18S/quality-trimming/lifewatch-italy/V4/Sample_OSD149/fasta/OSD149_18S_v4_lw_workable.fasta.gz
444753d5bdae2959b56403b7eb92f7fc,OSD149_18S_v9_lw_workable.fasta.gz,/bioinf/projects/osd/main/2014/06/pre-processing/18S/quality-trimming/lifewatch-italy/V9/Sample_OSD149/fasta/OSD149_18S_v9_lw_workable.fasta.gz
ba0e074f6c0e75fe6b33db1304220461,OSD150_16S_lgc_workable.fasta.gz,/bioinf/projects/osd/main/2014/06/pre-processing/16S/quality-trimming/lgc/Sample_515F-806R-OSD150/fasta/OSD150_16S_lgc_workable.fasta.gz
9de3aaa7df5361c7ddb3f1fa31ade3bf,OSD150_18S_lgc_workable.fasta.gz,/bioinf/projects/osd/main/2014/06/pre-processing/18S/quality-trimming/lgc/Sample_Eu565F-Eu981R-OSD150/fasta/OSD150_18S_lgc_workable.fasta.gz
e07c49959571c3f5b317c52cff0bb1c0,OSD150_18S_v4_lw_workable.fasta.gz,/bioinf/projects/osd/main/2014/06/pre-processing/18S/quality-trimming/lifewatch-italy/V4/Sample_OSD150/fasta/OSD150_18S_v4_lw_workable.fasta.gz
34da28924ba35f10091be5f4012853f8,OSD150_18S_v9_lw_workable.fasta.gz,/bioinf/projects/osd/main/2014/06/pre-processing/18S/quality-trimming/lifewatch-italy/V9/Sample_OSD150/fasta/OSD150_18S_v9_lw_workable.fasta.gz
50fd48aca353baf0e52a2e13887d0d06,OSD151_16S_lgc_workable.fasta.gz,/bioinf/projects/osd/main/2014/06/pre-processing/16S/quality-trimming/lgc/Sample_515F-806R-OSD151/fasta/OSD151_16S_lgc_workable.fasta.gz
643a95a32cc3530950bdd26d8cfe836c,OSD151_18S_lgc_workable.fasta.gz,/bioinf/projects/osd/main/2014/06/pre-processing/18S/quality-trimming/lgc/Sample_Eu565F-Eu981R-OSD151/fasta/OSD151_18S_lgc_workable.fasta.gz
fe13ed1b0e28028f3b41585ef11576d5,OSD151_18S_v9_lw_workable.fasta.gz,/bioinf/projects/osd/main/2014/06/pre-processing/18S/quality-trimming/lifewatch-italy/V9/Sample_OSD151/fasta/OSD151_18S_v9_lw_workable.fasta.gz
41e8ce6780983fea8fd472b70a88ab0f,OSD152-10m-depth_16S_lgc_workable.fasta.gz,/bioinf/projects/osd/main/2014/06/pre-processing/16S/quality-trimming/lgc/Sample_515F-806R-OSD152-10m-depth/fasta/OSD152-10m-depth_16S_lgc_workable.fasta.gz
34d0016547b8ee4569afb5aa1fab4b9e,OSD152-10m-depth_18S_lgc_workable.fasta.gz,/bioinf/projects/osd/main/2014/06/pre-processing/18S/quality-trimming/lgc/Sample_Eu565F-Eu981R-OSD152-10m-depth/fasta/OSD152-10m-depth_18S_lgc_workable.fasta.gz
31f7f128b0bf9d0a14aa36bbf9c55a84,OSD152_18S_v4_lw_workable.fasta.gz,/bioinf/projects/osd/main/2014/06/pre-processing/18S/quality-trimming/lifewatch-italy/V4/Sample_OSD152/fasta/OSD152_18S_v4_lw_workable.fasta.gz
2c6572d7a04d1ef7fc580ca04d6cd547,OSD152_18S_v9_lw_workable.fasta.gz,/bioinf/projects/osd/main/2014/06/pre-processing/18S/quality-trimming/lifewatch-italy/V9/Sample_OSD152/fasta/OSD152_18S_v9_lw_workable.fasta.gz
8c37c2647cb5716a2c3558ae94b1053d,OSD152-1m-depth_16S_lgc_workable.fasta.gz,/bioinf/projects/osd/main/2014/06/pre-processing/16S/quality-trimming/lgc/Sample_515F-806R-OSD152-1m-depth/fasta/OSD152-1m-depth_16S_lgc_workable.fasta.gz
fcc8cc242cfa6719a168cf0726e9e916,OSD152-1m-depth_18S_lgc_workable.fasta.gz,/bioinf/projects/osd/main/2014/06/pre-processing/18S/quality-trimming/lgc/Sample_Eu565F-Eu981R-OSD152-1m-depth/fasta/OSD152-1m-depth_18S_lgc_workable.fasta.gz
858528b1d022c2555b7cf32eec6261b5,OSD152-5m-depth_16S_lgc_workable.fasta.gz,/bioinf/projects/osd/main/2014/06/pre-processing/16S/quality-trimming/lgc/Sample_515F-806R-OSD152-5m-depth/fasta/OSD152-5m-depth_16S_lgc_workable.fasta.gz
be9e2a4350d7b297ab4b4c8adedfc336,OSD152-5m-depth_18S_lgc_workable.fasta.gz,/bioinf/projects/osd/main/2014/06/pre-processing/18S/quality-trimming/lgc/Sample_Eu565F-Eu981R-OSD152-5m-depth/fasta/OSD152-5m-depth_18S_lgc_workable.fasta.gz
92b87eeadf218bef6c228bd6afe592ad,OSD153_16S_lgc_workable.fasta.gz,/bioinf/projects/osd/main/2014/06/pre-processing/16S/quality-trimming/lgc/Sample_515F-806R-OSD153/fasta/OSD153_16S_lgc_workable.fasta.gz
9ff179e775355304e9b97674410fbbec,OSD153_18S_lgc_workable.fasta.gz,/bioinf/projects/osd/main/2014/06/pre-processing/18S/quality-trimming/lgc/Sample_Eu565F-Eu981R-OSD153/fasta/OSD153_18S_lgc_workable.fasta.gz
6df1f3aaf7ec0000c1356e19a3af2370,OSD154_16S_lgc_workable.fasta.gz,/bioinf/projects/osd/main/2014/06/pre-processing/16S/quality-trimming/lgc/Sample_515F-806R-OSD154/fasta/OSD154_16S_lgc_workable.fasta.gz
d38c102489139ad119ec0a3e3172438a,OSD154_18S_lgc_workable.fasta.gz,/bioinf/projects/osd/main/2014/06/pre-processing/18S/quality-trimming/lgc/Sample_Eu565F-Eu981R-OSD154/fasta/OSD154_18S_lgc_workable.fasta.gz
a4b05b4f208bc69707928400e77feff6,OSD15-50m-depth_16S_lgc_workable.fasta.gz,/bioinf/projects/osd/main/2014/06/pre-processing/16S/quality-trimming/lgc/Sample_515F-806R-OSD15-50m-depth/fasta/OSD15-50m-depth_16S_lgc_workable.fasta.gz
e51a456fc60cc1634f8aa09870408803,OSD15-50m-depth_18S_lgc_workable.fasta.gz,/bioinf/projects/osd/main/2014/06/pre-processing/18S/quality-trimming/lgc/Sample_Eu565F-Eu981R-OSD15-50m-depth/fasta/OSD15-50m-depth_18S_lgc_workable.fasta.gz
103f860aa4c1691bafcf4684026ce16c,OSD155-12-8m-depth_16S_lgc_workable.fasta.gz,/bioinf/projects/osd/main/2014/06/pre-processing/16S/quality-trimming/lgc/Sample_515F-806R-OSD155-12-8m-depth/fasta/OSD155-12-8m-depth_16S_lgc_workable.fasta.gz
82851eaec715c94a4e83f82cdd685ab4,OSD155-12-8m-depth_18S_lgc_workable.fasta.gz,/bioinf/projects/osd/main/2014/06/pre-processing/18S/quality-trimming/lgc/Sample_Eu565F-Eu981R-OSD155-12-8m-depth/fasta/OSD155-12-8m-depth_18S_lgc_workable.fasta.gz
770575aebcb50a4d6afcb7233493fc34,OSD155-1m-depth_16S_lgc_workable.fasta.gz,/bioinf/projects/osd/main/2014/06/pre-processing/16S/quality-trimming/lgc/Sample_515F-806R-OSD155-1m-depth/fasta/OSD155-1m-depth_16S_lgc_workable.fasta.gz
9241102325b46368e965eac2ed0038af,OSD155-1m-depth_18S_lgc_workable.fasta.gz,/bioinf/projects/osd/main/2014/06/pre-processing/18S/quality-trimming/lgc/Sample_Eu565F-Eu981R-OSD155-1m-depth/fasta/OSD155-1m-depth_18S_lgc_workable.fasta.gz
34b8d8af25d166a1c6b12207f7bcb618,OSD156-11-8m-depth_16S_lgc_workable.fasta.gz,/bioinf/projects/osd/main/2014/06/pre-processing/16S/quality-trimming/lgc/Sample_515F-806R-OSD156-11-8m-depth/fasta/OSD156-11-8m-depth_16S_lgc_workable.fasta.gz
648b2510e9a8678d338d683e4b673619,OSD156-11-8m-depth_18S_lgc_workable.fasta.gz,/bioinf/projects/osd/main/2014/06/pre-processing/18S/quality-trimming/lgc/Sample_Eu565F-Eu981R-OSD156-11-8m-depth/fasta/OSD156-11-8m-depth_18S_lgc_workable.fasta.gz
cadab8245fa3bb483f91ee1eb2a71688,OSD156-1m-depth_16S_lgc_workable.fasta.gz,/bioinf/projects/osd/main/2014/06/pre-processing/16S/quality-trimming/lgc/Sample_515F-806R-OSD156-1m-depth/fasta/OSD156-1m-depth_16S_lgc_workable.fasta.gz
c8986044302a70972d587a542f1e0114,OSD156-1m-depth_18S_lgc_workable.fasta.gz,/bioinf/projects/osd/main/2014/06/pre-processing/18S/quality-trimming/lgc/Sample_Eu565F-Eu981R-OSD156-1m-depth/fasta/OSD156-1m-depth_18S_lgc_workable.fasta.gz
b1b265630b72bdd959ce52c997aaf6c9,OSD157-1m-depth_16S_lgc_workable.fasta.gz,/bioinf/projects/osd/main/2014/06/pre-processing/16S/quality-trimming/lgc/Sample_515F-806R-OSD157-1m-depth/fasta/OSD157-1m-depth_16S_lgc_workable.fasta.gz
d21b9cb7756bd2cef3061383df426a6b,OSD157-1m-depth_18S_lgc_workable.fasta.gz,/bioinf/projects/osd/main/2014/06/pre-processing/18S/quality-trimming/lgc/Sample_Eu565F-Eu981R-OSD157-1m-depth/fasta/OSD157-1m-depth_18S_lgc_workable.fasta.gz
d432e8bd43561be02ebd2d0e326ee28b,OSD157-80m-depth_16S_lgc_workable.fasta.gz,/bioinf/projects/osd/main/2014/06/pre-processing/16S/quality-trimming/lgc/Sample_515F-806R-OSD157-80m-depth/fasta/OSD157-80m-depth_16S_lgc_workable.fasta.gz
f7007db9eb42082725996ab07b41b054,OSD157-80m-depth_18S_lgc_workable.fasta.gz,/bioinf/projects/osd/main/2014/06/pre-processing/18S/quality-trimming/lgc/Sample_Eu565F-Eu981R-OSD157-80m-depth/fasta/OSD157-80m-depth_18S_lgc_workable.fasta.gz
455cf3f804d52529320febaa91a298ca,OSD158_16S_lgc_workable.fasta.gz,/bioinf/projects/osd/main/2014/06/pre-processing/16S/quality-trimming/lgc/Sample_515F-806R-OSD158/fasta/OSD158_16S_lgc_workable.fasta.gz
a32da7466a199b6e562c7d8280007dc7,OSD158_18S_lgc_workable.fasta.gz,/bioinf/projects/osd/main/2014/06/pre-processing/18S/quality-trimming/lgc/Sample_Eu565F-Eu981R-OSD158/fasta/OSD158_18S_lgc_workable.fasta.gz
d204567cbeca1bd0d8028c70bd0cd459,OSD159_16S_lgc_workable.fasta.gz,/bioinf/projects/osd/main/2014/06/pre-processing/16S/quality-trimming/lgc/Sample_515F-806R-OSD159/fasta/OSD159_16S_lgc_workable.fasta.gz
216f1f2ce5303fffca6342c8ae32c35f,OSD159_18S_lgc_workable.fasta.gz,/bioinf/projects/osd/main/2014/06/pre-processing/18S/quality-trimming/lgc/Sample_Eu565F-Eu981R-OSD159/fasta/OSD159_18S_lgc_workable.fasta.gz
f3bd7396e5ae3be073106b6b2ae17266,OSD159_18S_v4_lw_workable.fasta.gz,/bioinf/projects/osd/main/2014/06/pre-processing/18S/quality-trimming/lifewatch-italy/V4/Sample_OSD159/fasta/OSD159_18S_v4_lw_workable.fasta.gz
946bcdeb4c4f8710970681705ea2f5a7,OSD159_18S_v9_lw_workable.fasta.gz,/bioinf/projects/osd/main/2014/06/pre-processing/18S/quality-trimming/lifewatch-italy/V9/Sample_OSD159/fasta/OSD159_18S_v9_lw_workable.fasta.gz
ba5a9fe8b9710f8e466889ed845f5dd0,OSD15-surface_16S_lgc_workable.fasta.gz,/bioinf/projects/osd/main/2014/06/pre-processing/16S/quality-trimming/lgc/Sample_515F-806R-OSD15-surface/fasta/OSD15-surface_16S_lgc_workable.fasta.gz
430bd2849f298d1960fec4ec704530ec,OSD15-surface_18S_lgc_workable.fasta.gz,/bioinf/projects/osd/main/2014/06/pre-processing/18S/quality-trimming/lgc/Sample_Eu565F-Eu981R-OSD15-surface/fasta/OSD15-surface_18S_lgc_workable.fasta.gz
44744bc969c89a7972774ac1adecfc9a,OSD162_16S_lgc_workable.fasta.gz,/bioinf/projects/osd/main/2014/06/pre-processing/16S/quality-trimming/lgc/Sample_515F-806R-OSD162/fasta/OSD162_16S_lgc_workable.fasta.gz
93e70fc3ec97b24dd3189f078bf7b8a9,OSD162_18S_lgc_workable.fasta.gz,/bioinf/projects/osd/main/2014/06/pre-processing/18S/quality-trimming/lgc/Sample_Eu565F-Eu981R-OSD162/fasta/OSD162_18S_lgc_workable.fasta.gz
01852718aae4c60283ac00db508e2ec4,OSD163_16S_lgc_workable.fasta.gz,/bioinf/projects/osd/main/2014/06/pre-processing/16S/quality-trimming/lgc/Sample_515F-806R-OSD163/fasta/OSD163_16S_lgc_workable.fasta.gz
49cc5a239cda3553e5cb7cfd098ff3b5,OSD163_18S_lgc_workable.fasta.gz,/bioinf/projects/osd/main/2014/06/pre-processing/18S/quality-trimming/lgc/Sample_Eu565F-Eu981R-OSD163/fasta/OSD163_18S_lgc_workable.fasta.gz
874f4815e19cc38f6026812f5a4b5c6b,OSD164_16S_lgc_workable.fasta.gz,/bioinf/projects/osd/main/2014/06/pre-processing/16S/quality-trimming/lgc/Sample_515F-806R-OSD164/fasta/OSD164_16S_lgc_workable.fasta.gz
a8640a199e234c620e8d88d311d11956,OSD164_18S_lgc_workable.fasta.gz,/bioinf/projects/osd/main/2014/06/pre-processing/18S/quality-trimming/lgc/Sample_Eu565F-Eu981R-OSD164/fasta/OSD164_18S_lgc_workable.fasta.gz
a5cb1c05c76495a197d28ad83393f480,OSD165_16S_lgc_workable.fasta.gz,/bioinf/projects/osd/main/2014/06/pre-processing/16S/quality-trimming/lgc/Sample_515F-806R-OSD165/fasta/OSD165_16S_lgc_workable.fasta.gz
3fc155b3c4ed022918b35e5f401a014f,OSD165_18S_lgc_workable.fasta.gz,/bioinf/projects/osd/main/2014/06/pre-processing/18S/quality-trimming/lgc/Sample_Eu565F-Eu981R-OSD165/fasta/OSD165_18S_lgc_workable.fasta.gz
d466f1e42c0c5ab4b46d70d734587e93,OSD166_16S_lgc_workable.fasta.gz,/bioinf/projects/osd/main/2014/06/pre-processing/16S/quality-trimming/lgc/Sample_515F-806R-OSD166/fasta/OSD166_16S_lgc_workable.fasta.gz
6e291aba741b66813a6a07a3da9c3ea6,OSD166_18S_lgc_workable.fasta.gz,/bioinf/projects/osd/main/2014/06/pre-processing/18S/quality-trimming/lgc/Sample_Eu565F-Eu981R-OSD166/fasta/OSD166_18S_lgc_workable.fasta.gz
662a680fef92ef7b675996f4dfa6f18a,OSD167_16S_lgc_workable.fasta.gz,/bioinf/projects/osd/main/2014/06/pre-processing/16S/quality-trimming/lgc/Sample_515F-806R-OSD167/fasta/OSD167_16S_lgc_workable.fasta.gz
45e13031f72f158beb33f0006a911b1c,OSD167_18S_lgc_workable.fasta.gz,/bioinf/projects/osd/main/2014/06/pre-processing/18S/quality-trimming/lgc/Sample_Eu565F-Eu981R-OSD167/fasta/OSD167_18S_lgc_workable.fasta.gz
b6c01705b1c21139d143bb73aa045a6c,OSD168_16S_lgc_workable.fasta.gz,/bioinf/projects/osd/main/2014/06/pre-processing/16S/quality-trimming/lgc/Sample_515F-806R-OSD168/fasta/OSD168_16S_lgc_workable.fasta.gz
6426bc5ecf8e93df3ca6617798124121,OSD168_18S_lgc_workable.fasta.gz,/bioinf/projects/osd/main/2014/06/pre-processing/18S/quality-trimming/lgc/Sample_Eu565F-Eu981R-OSD168/fasta/OSD168_18S_lgc_workable.fasta.gz
af0a9b3aabb67c10e6d5c7cf3db45f2f,OSD169_16S_lgc_workable.fasta.gz,/bioinf/projects/osd/main/2014/06/pre-processing/16S/quality-trimming/lgc/Sample_515F-806R-OSD169/fasta/OSD169_16S_lgc_workable.fasta.gz
428266dd8a1fcdb95763d1ae14492ccc,OSD169_18S_lgc_workable.fasta.gz,/bioinf/projects/osd/main/2014/06/pre-processing/18S/quality-trimming/lgc/Sample_Eu565F-Eu981R-OSD169/fasta/OSD169_18S_lgc_workable.fasta.gz
2d9124ab8ed0a919cf8fc414af553d80,OSD170_16S_lgc_workable.fasta.gz,/bioinf/projects/osd/main/2014/06/pre-processing/16S/quality-trimming/lgc/Sample_515F-806R-OSD170/fasta/OSD170_16S_lgc_workable.fasta.gz
575ccb905be7e2be8fb12fe2a1a5e438,OSD170_18S_lgc_workable.fasta.gz,/bioinf/projects/osd/main/2014/06/pre-processing/18S/quality-trimming/lgc/Sample_Eu565F-Eu981R-OSD170/fasta/OSD170_18S_lgc_workable.fasta.gz
f4b25cf643c9f40f4d04cdf428323d5d,OSD171_16S_lgc_workable.fasta.gz,/bioinf/projects/osd/main/2014/06/pre-processing/16S/quality-trimming/lgc/Sample_515F-806R-OSD171/fasta/OSD171_16S_lgc_workable.fasta.gz
9feb75f7c4fa1da87296d109c8d7b8aa,OSD171_18S_lgc_workable.fasta.gz,/bioinf/projects/osd/main/2014/06/pre-processing/18S/quality-trimming/lgc/Sample_Eu565F-Eu981R-OSD171/fasta/OSD171_18S_lgc_workable.fasta.gz
1f07d9c8fd41d5c0788ac3b09907dacd,OSD17_16S_lgc_workable.fasta.gz,/bioinf/projects/osd/main/2014/06/pre-processing/16S/quality-trimming/lgc/Sample_515F-806R-OSD17/fasta/OSD17_16S_lgc_workable.fasta.gz
4be55fc885d215d9d2cddf5048be0857,OSD17_18S_lgc_workable.fasta.gz,/bioinf/projects/osd/main/2014/06/pre-processing/18S/quality-trimming/lgc/Sample_Eu565F-Eu981R-OSD17/fasta/OSD17_18S_lgc_workable.fasta.gz
21cc520a4b045e80c26e488906288f17,OSD172_16S_lgc_workable.fasta.gz,/bioinf/projects/osd/main/2014/06/pre-processing/16S/quality-trimming/lgc/Sample_515F-806R-OSD172/fasta/OSD172_16S_lgc_workable.fasta.gz
31a5ad0fc26e79460a42227cc0d6ad3b,OSD172_18S_lgc_workable.fasta.gz,/bioinf/projects/osd/main/2014/06/pre-processing/18S/quality-trimming/lgc/Sample_Eu565F-Eu981R-OSD172/fasta/OSD172_18S_lgc_workable.fasta.gz
0c41a323a67250fc2a3a50e5c7c0c9fd,OSD173_16S_lgc_workable.fasta.gz,/bioinf/projects/osd/main/2014/06/pre-processing/16S/quality-trimming/lgc/Sample_515F-806R-OSD173/fasta/OSD173_16S_lgc_workable.fasta.gz
af635163b0b92d76c68d01d28165d3d7,OSD173_18S_lgc_workable.fasta.gz,/bioinf/projects/osd/main/2014/06/pre-processing/18S/quality-trimming/lgc/Sample_Eu565F-Eu981R-OSD173/fasta/OSD173_18S_lgc_workable.fasta.gz
3b4646a89509e6bf52fda976b825544c,OSD174_16S_lgc_workable.fasta.gz,/bioinf/projects/osd/main/2014/06/pre-processing/16S/quality-trimming/lgc/Sample_515F-806R-OSD174/fasta/OSD174_16S_lgc_workable.fasta.gz
d725ff0b180fb8bc888d13f9798c5989,OSD174_18S_lgc_workable.fasta.gz,/bioinf/projects/osd/main/2014/06/pre-processing/18S/quality-trimming/lgc/Sample_Eu565F-Eu981R-OSD174/fasta/OSD174_18S_lgc_workable.fasta.gz
60d27ea320981a4cc2c5c19c8b8c53a9,OSD175_16S_lgc_workable.fasta.gz,/bioinf/projects/osd/main/2014/06/pre-processing/16S/quality-trimming/lgc/Sample_515F-806R-OSD175/fasta/OSD175_16S_lgc_workable.fasta.gz
57428798d7581da3f0d7b5f1c8af9004,OSD175_18S_lgc_workable.fasta.gz,/bioinf/projects/osd/main/2014/06/pre-processing/18S/quality-trimming/lgc/Sample_Eu565F-Eu981R-OSD175/fasta/OSD175_18S_lgc_workable.fasta.gz
5ce61da7b1477ee6c85a3b350eaa46e7,OSD176_16S_lgc_workable.fasta.gz,/bioinf/projects/osd/main/2014/06/pre-processing/16S/quality-trimming/lgc/Sample_515F-806R-OSD176/fasta/OSD176_16S_lgc_workable.fasta.gz
a6a7504d5a660161b23543d0feb42c58,OSD176_18S_lgc_workable.fasta.gz,/bioinf/projects/osd/main/2014/06/pre-processing/18S/quality-trimming/lgc/Sample_Eu565F-Eu981R-OSD176/fasta/OSD176_18S_lgc_workable.fasta.gz
7d694874d6108c924600c7c872a35665,OSD177_16S_lgc_workable.fasta.gz,/bioinf/projects/osd/main/2014/06/pre-processing/16S/quality-trimming/lgc/Sample_515F-806R-OSD177/fasta/OSD177_16S_lgc_workable.fasta.gz
5d68355d330ce4737c2e45beee9d920e,OSD177_18S_lgc_workable.fasta.gz,/bioinf/projects/osd/main/2014/06/pre-processing/18S/quality-trimming/lgc/Sample_Eu565F-Eu981R-OSD177/fasta/OSD177_18S_lgc_workable.fasta.gz
72b6f7be6e39e1c8c1256fe8a06c9691,OSD178_16S_lgc_workable.fasta.gz,/bioinf/projects/osd/main/2014/06/pre-processing/16S/quality-trimming/lgc/Sample_515F-806R-OSD178/fasta/OSD178_16S_lgc_workable.fasta.gz
d332d436ab068db79d95df32e82189fd,OSD178_18S_lgc_workable.fasta.gz,/bioinf/projects/osd/main/2014/06/pre-processing/18S/quality-trimming/lgc/Sample_Eu565F-Eu981R-OSD178/fasta/OSD178_18S_lgc_workable.fasta.gz
0b0cf16fcf45b6084d59c64ab6a9d28f,OSD18_16S_lgc_workable.fasta.gz,/bioinf/projects/osd/main/2014/06/pre-processing/16S/quality-trimming/lgc/Sample_515F-806R-OSD18/fasta/OSD18_16S_lgc_workable.fasta.gz
ddfba6da7166f01f66aaee92dd9e5e74,OSD18_18S_lgc_workable.fasta.gz,/bioinf/projects/osd/main/2014/06/pre-processing/18S/quality-trimming/lgc/Sample_Eu565F-Eu981R-OSD18/fasta/OSD18_18S_lgc_workable.fasta.gz
7d2e53ddde440ac3361dfbbe5ce6d067,OSD182_16S_lgc_workable.fasta.gz,/bioinf/projects/osd/main/2014/06/pre-processing/16S/quality-trimming/lgc/Sample_515F-806R-OSD182/fasta/OSD182_16S_lgc_workable.fasta.gz
fd18564260b00b0dae97e4de6faf8305,OSD182_18S_lgc_workable.fasta.gz,/bioinf/projects/osd/main/2014/06/pre-processing/18S/quality-trimming/lgc/Sample_Eu565F-Eu981R-OSD182/fasta/OSD182_18S_lgc_workable.fasta.gz
dc9800a33f54f957b92315f6c6187948,OSD183_16S_lgc_workable.fasta.gz,/bioinf/projects/osd/main/2014/06/pre-processing/16S/quality-trimming/lgc/Sample_515F-806R-OSD183/fasta/OSD183_16S_lgc_workable.fasta.gz
269ff3ef2c95ee26fbfc9b2d98921b5a,OSD183_18S_lgc_workable.fasta.gz,/bioinf/projects/osd/main/2014/06/pre-processing/18S/quality-trimming/lgc/Sample_Eu565F-Eu981R-OSD183/fasta/OSD183_18S_lgc_workable.fasta.gz
2fc41c11d15a34f5b1ebb4d0b479ef03,OSD184_16S_lgc_workable.fasta.gz,/bioinf/projects/osd/main/2014/06/pre-processing/16S/quality-trimming/lgc/Sample_515F-806R-OSD184/fasta/OSD184_16S_lgc_workable.fasta.gz
cf6fbba176aa6de14b2b21fa72d84d3b,OSD184_18S_lgc_workable.fasta.gz,/bioinf/projects/osd/main/2014/06/pre-processing/18S/quality-trimming/lgc/Sample_Eu565F-Eu981R-OSD184/fasta/OSD184_18S_lgc_workable.fasta.gz
c799f7bb5dd032c99ba13e67b55241fc,OSD185_16S_lgc_workable.fasta.gz,/bioinf/projects/osd/main/2014/06/pre-processing/16S/quality-trimming/lgc/Sample_515F-806R-OSD185/fasta/OSD185_16S_lgc_workable.fasta.gz
b7f9d536f4b219fe2e31cf6de8f82217,OSD185_18S_lgc_workable.fasta.gz,/bioinf/projects/osd/main/2014/06/pre-processing/18S/quality-trimming/lgc/Sample_Eu565F-Eu981R-OSD185/fasta/OSD185_18S_lgc_workable.fasta.gz
cf8855ba4a68e31d628d7e81c29b00c2,OSD186_16S_lgc_workable.fasta.gz,/bioinf/projects/osd/main/2014/06/pre-processing/16S/quality-trimming/lgc/Sample_515F-806R-OSD186/fasta/OSD186_16S_lgc_workable.fasta.gz
38364074a97ff4c9c6c9aef16ed2e30d,OSD186_18S_lgc_workable.fasta.gz,/bioinf/projects/osd/main/2014/06/pre-processing/18S/quality-trimming/lgc/Sample_Eu565F-Eu981R-OSD186/fasta/OSD186_18S_lgc_workable.fasta.gz
6f4b937dcc29723439b52fb131de059c,OSD188_16S_ramaciotti-gc_workable.fasta.gz,/bioinf/projects/osd/main/2014/06/pre-processing/16S/quality-trimming/ramaciotti-gc/Sample_515F-806R-OSD188/fasta/OSD188_16S_ramaciotti-gc_workable.fasta.gz
0ff69e3016da6e26ed9ae611df7bf3cb,OSD189_16S_ramaciotti-gc_workable.fasta.gz,/bioinf/projects/osd/main/2014/06/pre-processing/16S/quality-trimming/ramaciotti-gc/Sample_515F-806R-OSD189/fasta/OSD189_16S_ramaciotti-gc_workable.fasta.gz
8f58833894ae9b77969c5fa0b51faf37,OSD190_16S_ramaciotti-gc_workable.fasta.gz,/bioinf/projects/osd/main/2014/06/pre-processing/16S/quality-trimming/ramaciotti-gc/Sample_515F-806R-OSD190/fasta/OSD190_16S_ramaciotti-gc_workable.fasta.gz
2236661e2c5685f37c67a911b16926b9,OSD191_16S_ramaciotti-gc_workable.fasta.gz,/bioinf/projects/osd/main/2014/06/pre-processing/16S/quality-trimming/ramaciotti-gc/Sample_515F-806R-OSD191/fasta/OSD191_16S_ramaciotti-gc_workable.fasta.gz
a1d27c33310c790f547dcf630c16b541,OSD19_16S_lgc_workable.fasta.gz,/bioinf/projects/osd/main/2014/06/pre-processing/16S/quality-trimming/lgc/Sample_515F-806R-OSD19/fasta/OSD19_16S_lgc_workable.fasta.gz
f634d1877844b78b6780feccefa6851f,OSD19_18S_lgc_workable.fasta.gz,/bioinf/projects/osd/main/2014/06/pre-processing/18S/quality-trimming/lgc/Sample_Eu565F-Eu981R-OSD19/fasta/OSD19_18S_lgc_workable.fasta.gz
74ff5a003d73e083e9c6b626ebfc63eb,OSD20-20m-depth_16S_lgc_workable.fasta.gz,/bioinf/projects/osd/main/2014/06/pre-processing/16S/quality-trimming/lgc/Sample_515F-806R-OSD20-20m-depth/fasta/OSD20-20m-depth_16S_lgc_workable.fasta.gz
ee0377843ab5ed969ea52bc5940fc76e,OSD20-20m-depth_18S_lgc_workable.fasta.gz,/bioinf/projects/osd/main/2014/06/pre-processing/18S/quality-trimming/lgc/Sample_Eu565F-Eu981R-OSD20-20m-depth/fasta/OSD20-20m-depth_18S_lgc_workable.fasta.gz
51fa38caf9869ad8c58333f5646d0a13,OSD20-surface_16S_lgc_workable.fasta.gz,/bioinf/projects/osd/main/2014/06/pre-processing/16S/quality-trimming/lgc/Sample_515F-806R-OSD20-surface/fasta/OSD20-surface_16S_lgc_workable.fasta.gz
232b3907960693a563e66bb9feecc8c0,OSD20-surface_18S_lgc_workable.fasta.gz,/bioinf/projects/osd/main/2014/06/pre-processing/18S/quality-trimming/lgc/Sample_Eu565F-Eu981R-OSD20-surface/fasta/OSD20-surface_18S_lgc_workable.fasta.gz
a7927c1a8ad15a2af8b403280af3d1a9,OSD21_16S_lgc_workable.fasta.gz,/bioinf/projects/osd/main/2014/06/pre-processing/16S/quality-trimming/lgc/Sample_515F-806R-OSD21/fasta/OSD21_16S_lgc_workable.fasta.gz
1d8bd4c65257152c450f0f20284f5ac4,OSD21_18S_lgc_workable.fasta.gz,/bioinf/projects/osd/main/2014/06/pre-processing/18S/quality-trimming/lgc/Sample_Eu565F-Eu981R-OSD21/fasta/OSD21_18S_lgc_workable.fasta.gz
04061cf0f24b2e88912685d4a42285cd,OSD2_16S_lgc_workable.fasta.gz,/bioinf/projects/osd/main/2014/06/pre-processing/16S/quality-trimming/lgc/Sample_515F-806R-OSD2/fasta/OSD2_16S_lgc_workable.fasta.gz
d0db183018f7cdb755ba1b643563c8bb,OSD2_18S_lgc_workable.fasta.gz,/bioinf/projects/osd/main/2014/06/pre-processing/18S/quality-trimming/lgc/Sample_Eu565F-Eu981R-OSD2/fasta/OSD2_18S_lgc_workable.fasta.gz
9ed6c56350f999cc9c54dd78809fef4b,OSD2_18S_v4_lw_workable.fasta.gz,/bioinf/projects/osd/main/2014/06/pre-processing/18S/quality-trimming/lifewatch-italy/V4/Sample_OSD2/fasta/OSD2_18S_v4_lw_workable.fasta.gz
b4057b04c31ee80985e87dd968830de3,OSD2_18S_v9_lw_workable.fasta.gz,/bioinf/projects/osd/main/2014/06/pre-processing/18S/quality-trimming/lifewatch-italy/V9/Sample_OSD2/fasta/OSD2_18S_v9_lw_workable.fasta.gz
64695d8ff174ac443e6a260a4541ba58,OSD22_16S_lgc_workable.fasta.gz,/bioinf/projects/osd/main/2014/06/pre-processing/16S/quality-trimming/lgc/Sample_515F-806R-OSD22/fasta/OSD22_16S_lgc_workable.fasta.gz
16840af72c2ae10aa9fbe5bdfcd47cae,OSD22_18S_lgc_workable.fasta.gz,/bioinf/projects/osd/main/2014/06/pre-processing/18S/quality-trimming/lgc/Sample_Eu565F-Eu981R-OSD22/fasta/OSD22_18S_lgc_workable.fasta.gz
9b9e9fffee93544f328fcaf622a319da,OSD22_18S_v4_lw_workable.fasta.gz,/bioinf/projects/osd/main/2014/06/pre-processing/18S/quality-trimming/lifewatch-italy/V4/Sample_OSD22/fasta/OSD22_18S_v4_lw_workable.fasta.gz
5b1c7072ffbc348b5219477e8c004a7c,OSD22_18S_v9_lw_workable.fasta.gz,/bioinf/projects/osd/main/2014/06/pre-processing/18S/quality-trimming/lifewatch-italy/V9/Sample_OSD22/fasta/OSD22_18S_v9_lw_workable.fasta.gz
cc1cc364f712dd0de86beb08a2a74e86,OSD24_16S_lgc_workable.fasta.gz,/bioinf/projects/osd/main/2014/06/pre-processing/16S/quality-trimming/lgc/Sample_515F-806R-OSD24/fasta/OSD24_16S_lgc_workable.fasta.gz
e6915c888c48f65d40f5e67f4a28bee3,OSD24_18S_lgc_workable.fasta.gz,/bioinf/projects/osd/main/2014/06/pre-processing/18S/quality-trimming/lgc/Sample_Eu565F-Eu981R-OSD24/fasta/OSD24_18S_lgc_workable.fasta.gz
51fbd56db9060e2b2cb26c00f11ccf6c,OSD25_16S_lgc_workable.fasta.gz,/bioinf/projects/osd/main/2014/06/pre-processing/16S/quality-trimming/lgc/Sample_515F-806R-OSD25/fasta/OSD25_16S_lgc_workable.fasta.gz
9574781205b9cf22f9cf4bf71b2886d4,OSD25_18S_lgc_workable.fasta.gz,/bioinf/projects/osd/main/2014/06/pre-processing/18S/quality-trimming/lgc/Sample_Eu565F-Eu981R-OSD25/fasta/OSD25_18S_lgc_workable.fasta.gz
c5ffa0a72a814c4fbff71a0debafcc73,OSD26_16S_lgc_workable.fasta.gz,/bioinf/projects/osd/main/2014/06/pre-processing/16S/quality-trimming/lgc/Sample_515F-806R-OSD26/fasta/OSD26_16S_lgc_workable.fasta.gz
d7cdd479a2ea05daa1acee6d150d7125,OSD26_18S_lgc_workable.fasta.gz,/bioinf/projects/osd/main/2014/06/pre-processing/18S/quality-trimming/lgc/Sample_Eu565F-Eu981R-OSD26/fasta/OSD26_18S_lgc_workable.fasta.gz
bdab7aae91f8322b9ab1463ce95dbb09,OSD28_16S_lgc_workable.fasta.gz,/bioinf/projects/osd/main/2014/06/pre-processing/16S/quality-trimming/lgc/Sample_515F-806R-OSD28/fasta/OSD28_16S_lgc_workable.fasta.gz
b605f6a4404060f8800b5b0180c32d6c,OSD28_18S_lgc_workable.fasta.gz,/bioinf/projects/osd/main/2014/06/pre-processing/18S/quality-trimming/lgc/Sample_Eu565F-Eu981R-OSD28/fasta/OSD28_18S_lgc_workable.fasta.gz
d538f5aa3fa5c4cb8565b02220fcd84f,OSD29_16S_lgc_workable.fasta.gz,/bioinf/projects/osd/main/2014/06/pre-processing/16S/quality-trimming/lgc/Sample_515F-806R-OSD29/fasta/OSD29_16S_lgc_workable.fasta.gz
cdcdad1a8ac277f8b3557ba6a16da273,OSD29_18S_lgc_workable.fasta.gz,/bioinf/projects/osd/main/2014/06/pre-processing/18S/quality-trimming/lgc/Sample_Eu565F-Eu981R-OSD29/fasta/OSD29_18S_lgc_workable.fasta.gz
8b9c00b670b31eb1657a8b3d38c93a46,OSD30_16S_lgc_workable.fasta.gz,/bioinf/projects/osd/main/2014/06/pre-processing/16S/quality-trimming/lgc/Sample_515F-806R-OSD30/fasta/OSD30_16S_lgc_workable.fasta.gz
3131d6e0949ad1df7d667741085bb3fa,OSD30_18S_lgc_workable.fasta.gz,/bioinf/projects/osd/main/2014/06/pre-processing/18S/quality-trimming/lgc/Sample_Eu565F-Eu981R-OSD30/fasta/OSD30_18S_lgc_workable.fasta.gz
257686863777d9bed3d9e5dfc1874d8a,OSD30_18S_v4_lw_workable.fasta.gz,/bioinf/projects/osd/main/2014/06/pre-processing/18S/quality-trimming/lifewatch-italy/V4/Sample_OSD30/fasta/OSD30_18S_v4_lw_workable.fasta.gz
85fbe68053631e26b23e75731feb8e36,OSD30_18S_v9_lw_workable.fasta.gz,/bioinf/projects/osd/main/2014/06/pre-processing/18S/quality-trimming/lifewatch-italy/V9/Sample_OSD30/fasta/OSD30_18S_v9_lw_workable.fasta.gz
62ad5bc819ca235d81e39792a1ffc8ff,OSD31_16S_ramaciotti-gc_workable.fasta.gz,/bioinf/projects/osd/main/2014/06/pre-processing/16S/quality-trimming/ramaciotti-gc/Sample_515F-806R-OSD31/fasta/OSD31_16S_ramaciotti-gc_workable.fasta.gz
3e34ad4a78e146a5e90e87799e6ee98f,OSD3_16S_lgc_workable.fasta.gz,/bioinf/projects/osd/main/2014/06/pre-processing/16S/quality-trimming/lgc/Sample_515F-806R-OSD3/fasta/OSD3_16S_lgc_workable.fasta.gz
997c850d80eb5688c00200270a0eaa73,OSD3_18S_lgc_workable.fasta.gz,/bioinf/projects/osd/main/2014/06/pre-processing/18S/quality-trimming/lgc/Sample_Eu565F-Eu981R-OSD3/fasta/OSD3_18S_lgc_workable.fasta.gz
94d7e8fc2ca53de672f20d01591ee0ec,OSD3_18S_v4_lw_workable.fasta.gz,/bioinf/projects/osd/main/2014/06/pre-processing/18S/quality-trimming/lifewatch-italy/V4/Sample_OSD3/fasta/OSD3_18S_v4_lw_workable.fasta.gz
699355554210ee078bd54f61c3b9db96,OSD3_18S_v9_lw_workable.fasta.gz,/bioinf/projects/osd/main/2014/06/pre-processing/18S/quality-trimming/lifewatch-italy/V9/Sample_OSD3/fasta/OSD3_18S_v9_lw_workable.fasta.gz
c6127a216755e601c8f0e75a9854d70d,OSD32_16S_ramaciotti-gc_workable.fasta.gz,/bioinf/projects/osd/main/2014/06/pre-processing/16S/quality-trimming/ramaciotti-gc/Sample_515F-806R-OSD32/fasta/OSD32_16S_ramaciotti-gc_workable.fasta.gz
3b9fc3f5f647c22c7d75bb600f4cd2f8,OSD33_16S_ramaciotti-gc_workable.fasta.gz,/bioinf/projects/osd/main/2014/06/pre-processing/16S/quality-trimming/ramaciotti-gc/Sample_515F-806R-OSD33/fasta/OSD33_16S_ramaciotti-gc_workable.fasta.gz
4cca8038b3a721858a08167f99679e7b,OSD34_16S_lgc_workable.fasta.gz,/bioinf/projects/osd/main/2014/06/pre-processing/16S/quality-trimming/lgc/Sample_515F-806R-OSD34/fasta/OSD34_16S_lgc_workable.fasta.gz
1375dd534bfeebda956a6041b3aeb976,OSD34_18S_lgc_workable.fasta.gz,/bioinf/projects/osd/main/2014/06/pre-processing/18S/quality-trimming/lgc/Sample_Eu565F-Eu981R-OSD34/fasta/OSD34_18S_lgc_workable.fasta.gz
2fc2cefe53ae766d6ea8ab66701dfab6,OSD35_16S_lgc_workable.fasta.gz,/bioinf/projects/osd/main/2014/06/pre-processing/16S/quality-trimming/lgc/Sample_515F-806R-OSD35/fasta/OSD35_16S_lgc_workable.fasta.gz
a626e1fea4f3555fb2baa26ce7223e58,OSD35_18S_lgc_workable.fasta.gz,/bioinf/projects/osd/main/2014/06/pre-processing/18S/quality-trimming/lgc/Sample_Eu565F-Eu981R-OSD35/fasta/OSD35_18S_lgc_workable.fasta.gz
f9bd9b352a328ec4ebead6c51febcc56,OSD36_16S_lgc_workable.fasta.gz,/bioinf/projects/osd/main/2014/06/pre-processing/16S/quality-trimming/lgc/Sample_515F-806R-OSD36/fasta/OSD36_16S_lgc_workable.fasta.gz
16636b9d9ea5f1955794013453012688,OSD36_18S_lgc_workable.fasta.gz,/bioinf/projects/osd/main/2014/06/pre-processing/18S/quality-trimming/lgc/Sample_Eu565F-Eu981R-OSD36/fasta/OSD36_18S_lgc_workable.fasta.gz
b19f8e1380f56adf2c070e37e43544cd,OSD37_16S_lgc_workable.fasta.gz,/bioinf/projects/osd/main/2014/06/pre-processing/16S/quality-trimming/lgc/Sample_515F-806R-OSD37/fasta/OSD37_16S_lgc_workable.fasta.gz
4926eb864f7e856e1320558a29d028cc,OSD37_18S_lgc_workable.fasta.gz,/bioinf/projects/osd/main/2014/06/pre-processing/18S/quality-trimming/lgc/Sample_Eu565F-Eu981R-OSD37/fasta/OSD37_18S_lgc_workable.fasta.gz
57d43078352e26c082ea240f2cc835db,OSD37_18S_v4_lw_workable.fasta.gz,/bioinf/projects/osd/main/2014/06/pre-processing/18S/quality-trimming/lifewatch-italy/V4/Sample_OSD37/fasta/OSD37_18S_v4_lw_workable.fasta.gz
1a90c31933b1a9925921c5d3e6d4092c,OSD37_18S_v9_lw_workable.fasta.gz,/bioinf/projects/osd/main/2014/06/pre-processing/18S/quality-trimming/lifewatch-italy/V9/Sample_OSD37/fasta/OSD37_18S_v9_lw_workable.fasta.gz
3beea4033ddd0fe2ca6857606fc7600e,OSD38_16S_lgc_workable.fasta.gz,/bioinf/projects/osd/main/2014/06/pre-processing/16S/quality-trimming/lgc/Sample_515F-806R-OSD38/fasta/OSD38_16S_lgc_workable.fasta.gz
3c632fd6c1c05474ad88dae8ce800b27,OSD38_18S_lgc_workable.fasta.gz,/bioinf/projects/osd/main/2014/06/pre-processing/18S/quality-trimming/lgc/Sample_Eu565F-Eu981R-OSD38/fasta/OSD38_18S_lgc_workable.fasta.gz
c1bbe009d9f7f94d834230a3f67479fc,OSD39_16S_lgc_workable.fasta.gz,/bioinf/projects/osd/main/2014/06/pre-processing/16S/quality-trimming/lgc/Sample_515F-806R-OSD39/fasta/OSD39_16S_lgc_workable.fasta.gz
a6423919a3ef5e893a45b6ebee72b68f,OSD39_18S_lgc_workable.fasta.gz,/bioinf/projects/osd/main/2014/06/pre-processing/18S/quality-trimming/lgc/Sample_Eu565F-Eu981R-OSD39/fasta/OSD39_18S_lgc_workable.fasta.gz
0bc7de324023a648f31f49aa9d96c39f,OSD39_18S_v4_lw_workable.fasta.gz,/bioinf/projects/osd/main/2014/06/pre-processing/18S/quality-trimming/lifewatch-italy/V4/Sample_OSD39/fasta/OSD39_18S_v4_lw_workable.fasta.gz
985516c2dc0f65a32ff9f526c4443cd9,OSD39_18S_v9_lw_workable.fasta.gz,/bioinf/projects/osd/main/2014/06/pre-processing/18S/quality-trimming/lifewatch-italy/V9/Sample_OSD39/fasta/OSD39_18S_v9_lw_workable.fasta.gz
629c4f2ba4baa7882f1a6af1775f846d,OSD41_16S_lgc_workable.fasta.gz,/bioinf/projects/osd/main/2014/06/pre-processing/16S/quality-trimming/lgc/Sample_515F-806R-OSD41/fasta/OSD41_16S_lgc_workable.fasta.gz
814dc1799ee9e2737fbe38e6a0e9b86c,OSD41_18S_lgc_workable.fasta.gz,/bioinf/projects/osd/main/2014/06/pre-processing/18S/quality-trimming/lgc/Sample_Eu565F-Eu981R-OSD41/fasta/OSD41_18S_lgc_workable.fasta.gz
51ff45f5cf9597bd79946f02b51cfc06,OSD4_16S_lgc_workable.fasta.gz,/bioinf/projects/osd/main/2014/06/pre-processing/16S/quality-trimming/lgc/Sample_515F-806R-OSD4/fasta/OSD4_16S_lgc_workable.fasta.gz
78cb0dc209ba9cbf9e496ad2aeeac7db,OSD4_18S_lgc_workable.fasta.gz,/bioinf/projects/osd/main/2014/06/pre-processing/18S/quality-trimming/lgc/Sample_Eu565F-Eu981R-OSD4/fasta/OSD4_18S_lgc_workable.fasta.gz
9cb90dc2a597570cf4947ded56829c71,OSD42_16S_lgc_workable.fasta.gz,/bioinf/projects/osd/main/2014/06/pre-processing/16S/quality-trimming/lgc/Sample_515F-806R-OSD42/fasta/OSD42_16S_lgc_workable.fasta.gz
be8702b568359966db13fd1e8e54109b,OSD42_18S_lgc_workable.fasta.gz,/bioinf/projects/osd/main/2014/06/pre-processing/18S/quality-trimming/lgc/Sample_Eu565F-Eu981R-OSD42/fasta/OSD42_18S_lgc_workable.fasta.gz
cd44c1e9a0b8fea748d5136531ed0ca6,OSD43_16S_lgc_workable.fasta.gz,/bioinf/projects/osd/main/2014/06/pre-processing/16S/quality-trimming/lgc/Sample_515F-806R-OSD43/fasta/OSD43_16S_lgc_workable.fasta.gz
ca2fbd177c97a3ed146d7d68007953f8,OSD43_18S_lgc_workable.fasta.gz,/bioinf/projects/osd/main/2014/06/pre-processing/18S/quality-trimming/lgc/Sample_Eu565F-Eu981R-OSD43/fasta/OSD43_18S_lgc_workable.fasta.gz
a7438b70df6d4ebd10267c7a645e0f97,OSD43_18S_v4_lw_workable.fasta.gz,/bioinf/projects/osd/main/2014/06/pre-processing/18S/quality-trimming/lifewatch-italy/V4/Sample_OSD43/fasta/OSD43_18S_v4_lw_workable.fasta.gz
55aded9fd6279c2d60521b2d6484a5f8,OSD43_18S_v9_lw_workable.fasta.gz,/bioinf/projects/osd/main/2014/06/pre-processing/18S/quality-trimming/lifewatch-italy/V9/Sample_OSD43/fasta/OSD43_18S_v9_lw_workable.fasta.gz
ecd9933c6b73813dd1664d030b121c49,OSD45_16S_lgc_workable.fasta.gz,/bioinf/projects/osd/main/2014/06/pre-processing/16S/quality-trimming/lgc/Sample_515F-806R-OSD45/fasta/OSD45_16S_lgc_workable.fasta.gz
84befde88674f94247873c6a23cfa72d,OSD45_18S_lgc_workable.fasta.gz,/bioinf/projects/osd/main/2014/06/pre-processing/18S/quality-trimming/lgc/Sample_Eu565F-Eu981R-OSD45/fasta/OSD45_18S_lgc_workable.fasta.gz
837c2b567b185566c1616d6b63693ea4,OSD46_16S_lgc_workable.fasta.gz,/bioinf/projects/osd/main/2014/06/pre-processing/16S/quality-trimming/lgc/Sample_515F-806R-OSD46/fasta/OSD46_16S_lgc_workable.fasta.gz
b42f288a57acabb7bc2c39a8d95299bc,OSD46_18S_lgc_workable.fasta.gz,/bioinf/projects/osd/main/2014/06/pre-processing/18S/quality-trimming/lgc/Sample_Eu565F-Eu981R-OSD46/fasta/OSD46_18S_lgc_workable.fasta.gz
7bc90d564dee27402b59d8eac3457396,OSD47_16S_lgc_workable.fasta.gz,/bioinf/projects/osd/main/2014/06/pre-processing/16S/quality-trimming/lgc/Sample_515F-806R-OSD47/fasta/OSD47_16S_lgc_workable.fasta.gz
fbea423007b489d2f7a26e705673bd23,OSD47_18S_lgc_workable.fasta.gz,/bioinf/projects/osd/main/2014/06/pre-processing/18S/quality-trimming/lgc/Sample_Eu565F-Eu981R-OSD47/fasta/OSD47_18S_lgc_workable.fasta.gz
71c30143eca8d67245293f226303b235,OSD48_16S_lgc_workable.fasta.gz,/bioinf/projects/osd/main/2014/06/pre-processing/16S/quality-trimming/lgc/Sample_515F-806R-OSD48/fasta/OSD48_16S_lgc_workable.fasta.gz
d8229f3488c32b6363e136c6abe0ba70,OSD48_18S_lgc_workable.fasta.gz,/bioinf/projects/osd/main/2014/06/pre-processing/18S/quality-trimming/lgc/Sample_Eu565F-Eu981R-OSD48/fasta/OSD48_18S_lgc_workable.fasta.gz
a826944ab629355bc37a5c44e8fee9fa,OSD49_16S_lgc_workable.fasta.gz,/bioinf/projects/osd/main/2014/06/pre-processing/16S/quality-trimming/lgc/Sample_515F-806R-OSD49/fasta/OSD49_16S_lgc_workable.fasta.gz
333f5f294ec013e2341a5c74dfd35e94,OSD49_18S_lgc_workable.fasta.gz,/bioinf/projects/osd/main/2014/06/pre-processing/18S/quality-trimming/lgc/Sample_Eu565F-Eu981R-OSD49/fasta/OSD49_18S_lgc_workable.fasta.gz
e01471d5abda068b43e0e780ebf7cf00,OSD49_18S_v4_lw_workable.fasta.gz,/bioinf/projects/osd/main/2014/06/pre-processing/18S/quality-trimming/lifewatch-italy/V4/Sample_OSD49/fasta/OSD49_18S_v4_lw_workable.fasta.gz
65c22bd43f93ae80a361a156d72f7065,OSD49_18S_v9_lw_workable.fasta.gz,/bioinf/projects/osd/main/2014/06/pre-processing/18S/quality-trimming/lifewatch-italy/V9/Sample_OSD49/fasta/OSD49_18S_v9_lw_workable.fasta.gz
e5f525c76b27c72e77d4e3bba51f6ce6,OSD50_16S_lgc_workable.fasta.gz,/bioinf/projects/osd/main/2014/06/pre-processing/16S/quality-trimming/lgc/Sample_515F-806R-OSD50/fasta/OSD50_16S_lgc_workable.fasta.gz
e76af12584ecc57e3d3cbec2adc3e0c1,OSD50_18S_lgc_workable.fasta.gz,/bioinf/projects/osd/main/2014/06/pre-processing/18S/quality-trimming/lgc/Sample_Eu565F-Eu981R-OSD50/fasta/OSD50_18S_lgc_workable.fasta.gz
d49a65c7f7dd79a8cdd9f1b747d70a84,OSD51_16S_lgc_workable.fasta.gz,/bioinf/projects/osd/main/2014/06/pre-processing/16S/quality-trimming/lgc/Sample_515F-806R-OSD51/fasta/OSD51_16S_lgc_workable.fasta.gz
73698b78715c7e45fee2fd4f5b7708c2,OSD51_18S_lgc_workable.fasta.gz,/bioinf/projects/osd/main/2014/06/pre-processing/18S/quality-trimming/lgc/Sample_Eu565F-Eu981R-OSD51/fasta/OSD51_18S_lgc_workable.fasta.gz
b60eff248ae831eaa095fbfeedd76f78,OSD5-1m-depth_16S_lgc_workable.fasta.gz,/bioinf/projects/osd/main/2014/06/pre-processing/16S/quality-trimming/lgc/Sample_515F-806R-OSD5-1m-depth/fasta/OSD5-1m-depth_16S_lgc_workable.fasta.gz
14438edc77e61224c629f014c1b10fcb,OSD5-1m-depth_18S_lgc_workable.fasta.gz,/bioinf/projects/osd/main/2014/06/pre-processing/18S/quality-trimming/lgc/Sample_Eu565F-Eu981R-OSD5-1m-depth/fasta/OSD5-1m-depth_18S_lgc_workable.fasta.gz
4136f865c9370b1cace829ce180d53f8,OSD52_16S_lgc_workable.fasta.gz,/bioinf/projects/osd/main/2014/06/pre-processing/16S/quality-trimming/lgc/Sample_515F-806R-OSD52/fasta/OSD52_16S_lgc_workable.fasta.gz
6b7137779a84b7d1b737f26cc1071b87,OSD52_18S_lgc_workable.fasta.gz,/bioinf/projects/osd/main/2014/06/pre-processing/18S/quality-trimming/lgc/Sample_Eu565F-Eu981R-OSD52/fasta/OSD52_18S_lgc_workable.fasta.gz
7761a9bc0024fac10569a7899c07533a,OSD53_16S_lgc_workable.fasta.gz,/bioinf/projects/osd/main/2014/06/pre-processing/16S/quality-trimming/lgc/Sample_515F-806R-OSD53/fasta/OSD53_16S_lgc_workable.fasta.gz
56ab3e5680a7ca672a439be818601be7,OSD53_18S_lgc_workable.fasta.gz,/bioinf/projects/osd/main/2014/06/pre-processing/18S/quality-trimming/lgc/Sample_Eu565F-Eu981R-OSD53/fasta/OSD53_18S_lgc_workable.fasta.gz
0c5737586a1e6a7e2c2a58b3d861ce21,OSD54_16S_lgc_workable.fasta.gz,/bioinf/projects/osd/main/2014/06/pre-processing/16S/quality-trimming/lgc/Sample_515F-806R-OSD54/fasta/OSD54_16S_lgc_workable.fasta.gz
f99f52486e5c7ee25fa8e9e3cbd7949a,OSD54_18S_lgc_workable.fasta.gz,/bioinf/projects/osd/main/2014/06/pre-processing/18S/quality-trimming/lgc/Sample_Eu565F-Eu981R-OSD54/fasta/OSD54_18S_lgc_workable.fasta.gz
c46fb62bf6765d17a1b183fc1af08e30,OSD54_18S_v4_lw_workable.fasta.gz,/bioinf/projects/osd/main/2014/06/pre-processing/18S/quality-trimming/lifewatch-italy/V4/Sample_OSD54/fasta/OSD54_18S_v4_lw_workable.fasta.gz
eddc7b7c040a4cb5edd3c3a59a8ff999,OSD54_18S_v9_lw_workable.fasta.gz,/bioinf/projects/osd/main/2014/06/pre-processing/18S/quality-trimming/lifewatch-italy/V9/Sample_OSD54/fasta/OSD54_18S_v9_lw_workable.fasta.gz
66e1157d66832033564ea833c9284755,OSD55_16S_lgc_workable.fasta.gz,/bioinf/projects/osd/main/2014/06/pre-processing/16S/quality-trimming/lgc/Sample_515F-806R-OSD55/fasta/OSD55_16S_lgc_workable.fasta.gz
f7d8c93dfbc343b27563cbf77fd1563b,OSD55_18S_lgc_workable.fasta.gz,/bioinf/projects/osd/main/2014/06/pre-processing/18S/quality-trimming/lgc/Sample_Eu565F-Eu981R-OSD55/fasta/OSD55_18S_lgc_workable.fasta.gz
a4073268e2ff3c3f717074257c1e331a,OSD55_18S_v4_lw_workable.fasta.gz,/bioinf/projects/osd/main/2014/06/pre-processing/18S/quality-trimming/lifewatch-italy/V4/Sample_OSD55/fasta/OSD55_18S_v4_lw_workable.fasta.gz
ad13e05399561269ccfdb4c5ab66342f,OSD55_18S_v9_lw_workable.fasta.gz,/bioinf/projects/osd/main/2014/06/pre-processing/18S/quality-trimming/lifewatch-italy/V9/Sample_OSD55/fasta/OSD55_18S_v9_lw_workable.fasta.gz
dea6c4a89a0ec09076c27a058a801811,OSD56_16S_lgc_workable.fasta.gz,/bioinf/projects/osd/main/2014/06/pre-processing/16S/quality-trimming/lgc/Sample_515F-806R-OSD56/fasta/OSD56_16S_lgc_workable.fasta.gz
45b95d4a2296b92c5575d14d4ea3b375,OSD56_18S_lgc_workable.fasta.gz,/bioinf/projects/osd/main/2014/06/pre-processing/18S/quality-trimming/lgc/Sample_Eu565F-Eu981R-OSD56/fasta/OSD56_18S_lgc_workable.fasta.gz
cdeffb63a66df2408ae56d8ebf46a6c6,OSD57_16S_lgc_workable.fasta.gz,/bioinf/projects/osd/main/2014/06/pre-processing/16S/quality-trimming/lgc/Sample_515F-806R-OSD57/fasta/OSD57_16S_lgc_workable.fasta.gz
78b9aaacb79ac2ee8882bcf37423f12c,OSD57_18S_lgc_workable.fasta.gz,/bioinf/projects/osd/main/2014/06/pre-processing/18S/quality-trimming/lgc/Sample_Eu565F-Eu981R-OSD57/fasta/OSD57_18S_lgc_workable.fasta.gz
f15b0be6fb37832170866f9fa585d198,OSD5-75m-depth_16S_lgc_workable.fasta.gz,/bioinf/projects/osd/main/2014/06/pre-processing/16S/quality-trimming/lgc/Sample_515F-806R-OSD5-75m-depth/fasta/OSD5-75m-depth_16S_lgc_workable.fasta.gz
8440301f8b6968fb09a1ff125524610b,OSD5-75m-depth_18S_lgc_workable.fasta.gz,/bioinf/projects/osd/main/2014/06/pre-processing/18S/quality-trimming/lgc/Sample_Eu565F-Eu981R-OSD5-75m-depth/fasta/OSD5-75m-depth_18S_lgc_workable.fasta.gz
53f86ce1be6ae5dd93d6e8e8e8112d5d,OSD58_16S_lgc_workable.fasta.gz,/bioinf/projects/osd/main/2014/06/pre-processing/16S/quality-trimming/lgc/Sample_515F-806R-OSD58/fasta/OSD58_16S_lgc_workable.fasta.gz
285f1c05f6343803ba64c5998c71325a,OSD58_18S_lgc_workable.fasta.gz,/bioinf/projects/osd/main/2014/06/pre-processing/18S/quality-trimming/lgc/Sample_Eu565F-Eu981R-OSD58/fasta/OSD58_18S_lgc_workable.fasta.gz
9241a0b1c87b0832bc74030dc63f4794,OSD60_16S_lgc_workable.fasta.gz,/bioinf/projects/osd/main/2014/06/pre-processing/16S/quality-trimming/lgc/Sample_515F-806R-OSD60/fasta/OSD60_16S_lgc_workable.fasta.gz
ef8b5e83f839a01a35fddabd01ec3c7e,OSD60_18S_lgc_workable.fasta.gz,/bioinf/projects/osd/main/2014/06/pre-processing/18S/quality-trimming/lgc/Sample_Eu565F-Eu981R-OSD60/fasta/OSD60_18S_lgc_workable.fasta.gz
4a9736151112aab2ed26799f39840309,OSD60_18S_v4_lw_workable.fasta.gz,/bioinf/projects/osd/main/2014/06/pre-processing/18S/quality-trimming/lifewatch-italy/V4/Sample_OSD60/fasta/OSD60_18S_v4_lw_workable.fasta.gz
33aa723307470f19fb1f0ded691fb828,OSD60_18S_v9_lw_workable.fasta.gz,/bioinf/projects/osd/main/2014/06/pre-processing/18S/quality-trimming/lifewatch-italy/V9/Sample_OSD60/fasta/OSD60_18S_v9_lw_workable.fasta.gz
e08acc60d6fe845359901a324cb3531a,OSD61_16S_lgc_workable.fasta.gz,/bioinf/projects/osd/main/2014/06/pre-processing/16S/quality-trimming/lgc/Sample_515F-806R-OSD61/fasta/OSD61_16S_lgc_workable.fasta.gz
53fbbff45e700039213f9b985c165368,OSD61_18S_lgc_workable.fasta.gz,/bioinf/projects/osd/main/2014/06/pre-processing/18S/quality-trimming/lgc/Sample_Eu565F-Eu981R-OSD61/fasta/OSD61_18S_lgc_workable.fasta.gz
79c4ebc1fca6e59080676e8d3bfb83de,OSD6_16S_lgc_workable.fasta.gz,/bioinf/projects/osd/main/2014/06/pre-processing/16S/quality-trimming/lgc/Sample_515F-806R-OSD6/fasta/OSD6_16S_lgc_workable.fasta.gz
c251ea0adae90f435c6dd3911c6c4991,OSD6_18S_lgc_workable.fasta.gz,/bioinf/projects/osd/main/2014/06/pre-processing/18S/quality-trimming/lgc/Sample_Eu565F-Eu981R-OSD6/fasta/OSD6_18S_lgc_workable.fasta.gz
3ba3221c7b84656306cf2aaa6b74be24,OSD6_18S_v9_lw_workable.fasta.gz,/bioinf/projects/osd/main/2014/06/pre-processing/18S/quality-trimming/lifewatch-italy/V9/Sample_OSD6/fasta/OSD6_18S_v9_lw_workable.fasta.gz
461e0b9043d8814ab6a80054f19e9fa3,OSD62_16S_lgc_workable.fasta.gz,/bioinf/projects/osd/main/2014/06/pre-processing/16S/quality-trimming/lgc/Sample_515F-806R-OSD62/fasta/OSD62_16S_lgc_workable.fasta.gz
fb786e3caa3b86baf5252306d130a8ff,OSD62_18S_lgc_workable.fasta.gz,/bioinf/projects/osd/main/2014/06/pre-processing/18S/quality-trimming/lgc/Sample_Eu565F-Eu981R-OSD62/fasta/OSD62_18S_lgc_workable.fasta.gz
9c3faf25f23b893ad38f870bcc896429,OSD63_16S_lgc_workable.fasta.gz,/bioinf/projects/osd/main/2014/06/pre-processing/16S/quality-trimming/lgc/Sample_515F-806R-OSD63/fasta/OSD63_16S_lgc_workable.fasta.gz
d08bedc59e55a8a5aa099a3a85d202d5,OSD63_18S_lgc_workable.fasta.gz,/bioinf/projects/osd/main/2014/06/pre-processing/18S/quality-trimming/lgc/Sample_Eu565F-Eu981R-OSD63/fasta/OSD63_18S_lgc_workable.fasta.gz
237dc5fa8943ad422be580d01fcfddd5,OSD64_16S_lgc_workable.fasta.gz,/bioinf/projects/osd/main/2014/06/pre-processing/16S/quality-trimming/lgc/Sample_515F-806R-OSD64/fasta/OSD64_16S_lgc_workable.fasta.gz
86032e644840784a307ba95f7dfc9d6f,OSD64_18S_lgc_workable.fasta.gz,/bioinf/projects/osd/main/2014/06/pre-processing/18S/quality-trimming/lgc/Sample_Eu565F-Eu981R-OSD64/fasta/OSD64_18S_lgc_workable.fasta.gz
f1511ef317831c84bbda434126b62bbb,OSD65_16S_lgc_workable.fasta.gz,/bioinf/projects/osd/main/2014/06/pre-processing/16S/quality-trimming/lgc/Sample_515F-806R-OSD65/fasta/OSD65_16S_lgc_workable.fasta.gz
3f99e53faadf1383b6887933bc86778a,OSD65_18S_lgc_workable.fasta.gz,/bioinf/projects/osd/main/2014/06/pre-processing/18S/quality-trimming/lgc/Sample_Eu565F-Eu981R-OSD65/fasta/OSD65_18S_lgc_workable.fasta.gz
e6e0814b7d091b13f22e3b29dc4d0ac9,OSD69_16S_lgc_workable.fasta.gz,/bioinf/projects/osd/main/2014/06/pre-processing/16S/quality-trimming/lgc/Sample_515F-806R-OSD69/fasta/OSD69_16S_lgc_workable.fasta.gz
e48958e07d88e10f572beeadfb96b384,OSD69_18S_lgc_workable.fasta.gz,/bioinf/projects/osd/main/2014/06/pre-processing/18S/quality-trimming/lgc/Sample_Eu565F-Eu981R-OSD69/fasta/OSD69_18S_lgc_workable.fasta.gz
8027f7f6b5e20bb316278182c9611ed1,OSD70_16S_lgc_workable.fasta.gz,/bioinf/projects/osd/main/2014/06/pre-processing/16S/quality-trimming/lgc/Sample_515F-806R-OSD70/fasta/OSD70_16S_lgc_workable.fasta.gz
8d8a43c31559bf3844d5d4bd30d716b9,OSD70_18S_lgc_workable.fasta.gz,/bioinf/projects/osd/main/2014/06/pre-processing/18S/quality-trimming/lgc/Sample_Eu565F-Eu981R-OSD70/fasta/OSD70_18S_lgc_workable.fasta.gz
b77add16172555b67f43d0f54dc69074,OSD71_16S_lgc_workable.fasta.gz,/bioinf/projects/osd/main/2014/06/pre-processing/16S/quality-trimming/lgc/Sample_515F-806R-OSD71/fasta/OSD71_16S_lgc_workable.fasta.gz
7e663d244d9b4a38dd2d7712c966bee6,OSD71_18S_lgc_workable.fasta.gz,/bioinf/projects/osd/main/2014/06/pre-processing/18S/quality-trimming/lgc/Sample_Eu565F-Eu981R-OSD71/fasta/OSD71_18S_lgc_workable.fasta.gz
74f57ec565ebfa80f28e59031c820de5,OSD71_18S_v4_lw_workable.fasta.gz,/bioinf/projects/osd/main/2014/06/pre-processing/18S/quality-trimming/lifewatch-italy/V4/Sample_OSD71/fasta/OSD71_18S_v4_lw_workable.fasta.gz
63c2648f0a240ee7cb80f7cc3eceeb50,OSD71_18S_v9_lw_workable.fasta.gz,/bioinf/projects/osd/main/2014/06/pre-processing/18S/quality-trimming/lifewatch-italy/V9/Sample_OSD71/fasta/OSD71_18S_v9_lw_workable.fasta.gz
8163c8c13a35f9f3503d9d469a65e6b7,OSD7_16S_lgc_workable.fasta.gz,/bioinf/projects/osd/main/2014/06/pre-processing/16S/quality-trimming/lgc/Sample_515F-806R-OSD7/fasta/OSD7_16S_lgc_workable.fasta.gz
dee789e3d205d46d2016875c324ee988,OSD7_18S_lgc_workable.fasta.gz,/bioinf/projects/osd/main/2014/06/pre-processing/18S/quality-trimming/lgc/Sample_Eu565F-Eu981R-OSD7/fasta/OSD7_18S_lgc_workable.fasta.gz
49b80d0b805c79633500992efb9efbf4,OSD72_16S_lgc_workable.fasta.gz,/bioinf/projects/osd/main/2014/06/pre-processing/16S/quality-trimming/lgc/Sample_515F-806R-OSD72/fasta/OSD72_16S_lgc_workable.fasta.gz
74abc846e3bf8480cebdf90b28abb1d0,OSD72_18S_lgc_workable.fasta.gz,/bioinf/projects/osd/main/2014/06/pre-processing/18S/quality-trimming/lgc/Sample_Eu565F-Eu981R-OSD72/fasta/OSD72_18S_lgc_workable.fasta.gz
e33dc6f2d2ff2476fb1b0689cd152908,OSD72_18S_v4_lw_workable.fasta.gz,/bioinf/projects/osd/main/2014/06/pre-processing/18S/quality-trimming/lifewatch-italy/V4/Sample_OSD72/fasta/OSD72_18S_v4_lw_workable.fasta.gz
2ed182c105013af1d2c5aef5a77ffdae,OSD72_18S_v9_lw_workable.fasta.gz,/bioinf/projects/osd/main/2014/06/pre-processing/18S/quality-trimming/lifewatch-italy/V9/Sample_OSD72/fasta/OSD72_18S_v9_lw_workable.fasta.gz
fe5c7ac5d2c1c9577c045ebce84fe3d0,OSD73_16S_lgc_workable.fasta.gz,/bioinf/projects/osd/main/2014/06/pre-processing/16S/quality-trimming/lgc/Sample_515F-806R-OSD73/fasta/OSD73_16S_lgc_workable.fasta.gz
99f33223f5bbf9465a2e6b551662533b,OSD73_18S_lgc_workable.fasta.gz,/bioinf/projects/osd/main/2014/06/pre-processing/18S/quality-trimming/lgc/Sample_Eu565F-Eu981R-OSD73/fasta/OSD73_18S_lgc_workable.fasta.gz
7a2ed680886cca2e6a60ef61c1102fa5,OSD74_16S_lgc_workable.fasta.gz,/bioinf/projects/osd/main/2014/06/pre-processing/16S/quality-trimming/lgc/Sample_515F-806R-OSD74/fasta/OSD74_16S_lgc_workable.fasta.gz
0633ed0521be6c1dc4bdb51c6afa3bd9,OSD74_18S_lgc_workable.fasta.gz,/bioinf/projects/osd/main/2014/06/pre-processing/18S/quality-trimming/lgc/Sample_Eu565F-Eu981R-OSD74/fasta/OSD74_18S_lgc_workable.fasta.gz
80db3e5d1e1a63f9de13b74b3903ca9d,OSD76_16S_lgc_workable.fasta.gz,/bioinf/projects/osd/main/2014/06/pre-processing/16S/quality-trimming/lgc/Sample_515F-806R-OSD76/fasta/OSD76_16S_lgc_workable.fasta.gz
0514cb27d05080c5b2a76ffe0bf232b3,OSD76_18S_lgc_workable.fasta.gz,/bioinf/projects/osd/main/2014/06/pre-processing/18S/quality-trimming/lgc/Sample_Eu565F-Eu981R-OSD76/fasta/OSD76_18S_lgc_workable.fasta.gz
bd04402a655eea9ce7a9293744fc04a5,OSD76_18S_v4_lw_workable.fasta.gz,/bioinf/projects/osd/main/2014/06/pre-processing/18S/quality-trimming/lifewatch-italy/V4/Sample_OSD76/fasta/OSD76_18S_v4_lw_workable.fasta.gz
415c36db1d89c190ff5a0e450c233ab6,OSD76_18S_v9_lw_workable.fasta.gz,/bioinf/projects/osd/main/2014/06/pre-processing/18S/quality-trimming/lifewatch-italy/V9/Sample_OSD76/fasta/OSD76_18S_v9_lw_workable.fasta.gz
165fc1c666acef679e7e05f268eee2c4,OSD77_16S_lgc_workable.fasta.gz,/bioinf/projects/osd/main/2014/06/pre-processing/16S/quality-trimming/lgc/Sample_515F-806R-OSD77/fasta/OSD77_16S_lgc_workable.fasta.gz
d6c1dd79df55bbaced72a575c1d16b33,OSD77_18S_lgc_workable.fasta.gz,/bioinf/projects/osd/main/2014/06/pre-processing/18S/quality-trimming/lgc/Sample_Eu565F-Eu981R-OSD77/fasta/OSD77_18S_lgc_workable.fasta.gz
f8f830478c07ff9aa8cb15dbef53424b,OSD77_18S_v4_lw_workable.fasta.gz,/bioinf/projects/osd/main/2014/06/pre-processing/18S/quality-trimming/lifewatch-italy/V4/Sample_OSD77/fasta/OSD77_18S_v4_lw_workable.fasta.gz
6672e450fb8275bf839e88d9a5ecba3f,OSD77_18S_v9_lw_workable.fasta.gz,/bioinf/projects/osd/main/2014/06/pre-processing/18S/quality-trimming/lifewatch-italy/V9/Sample_OSD77/fasta/OSD77_18S_v9_lw_workable.fasta.gz
67deaea8e1836e88f2ca0490ceec3d93,OSD78_16S_lgc_workable.fasta.gz,/bioinf/projects/osd/main/2014/06/pre-processing/16S/quality-trimming/lgc/Sample_515F-806R-OSD78/fasta/OSD78_16S_lgc_workable.fasta.gz
7aa9913fd7c60c76548d1971458adedb,OSD78_18S_lgc_workable.fasta.gz,/bioinf/projects/osd/main/2014/06/pre-processing/18S/quality-trimming/lgc/Sample_Eu565F-Eu981R-OSD78/fasta/OSD78_18S_lgc_workable.fasta.gz
c2df96b173e6e587ec7daf34cf34846b,OSD80_16S_lgc_workable.fasta.gz,/bioinf/projects/osd/main/2014/06/pre-processing/16S/quality-trimming/lgc/Sample_515F-806R-OSD80/fasta/OSD80_16S_lgc_workable.fasta.gz
9a53b41fefd94e062c2770c2ab0575d3,OSD80_18S_lgc_workable.fasta.gz,/bioinf/projects/osd/main/2014/06/pre-processing/18S/quality-trimming/lgc/Sample_Eu565F-Eu981R-OSD80/fasta/OSD80_18S_lgc_workable.fasta.gz
d7366d8a74fc20177eceb7cd737e4450,OSD80_18S_v4_lw_workable.fasta.gz,/bioinf/projects/osd/main/2014/06/pre-processing/18S/quality-trimming/lifewatch-italy/V4/Sample_OSD80/fasta/OSD80_18S_v4_lw_workable.fasta.gz
dc308fe5a11aaf64f7b9037e3057eece,OSD80_18S_v9_lw_workable.fasta.gz,/bioinf/projects/osd/main/2014/06/pre-processing/18S/quality-trimming/lifewatch-italy/V9/Sample_OSD80/fasta/OSD80_18S_v9_lw_workable.fasta.gz
8e802399d44030c00d7a4346be7016e6,OSD80-2m-depth_16S_lgc_workable.fasta.gz,/bioinf/projects/osd/main/2014/06/pre-processing/16S/quality-trimming/lgc/Sample_515F-806R-OSD80-2m-depth/fasta/OSD80-2m-depth_16S_lgc_workable.fasta.gz
30613f2cedbec14cff8f13a0ad767532,OSD80-2m-depth_18S_lgc_workable.fasta.gz,/bioinf/projects/osd/main/2014/06/pre-processing/18S/quality-trimming/lgc/Sample_Eu565F-Eu981R-OSD80-2m-depth/fasta/OSD80-2m-depth_18S_lgc_workable.fasta.gz
048e58acacee13e98130372e484f944c,OSD81_16S_lgc_workable.fasta.gz,/bioinf/projects/osd/main/2014/06/pre-processing/16S/quality-trimming/lgc/Sample_515F-806R-OSD81/fasta/OSD81_16S_lgc_workable.fasta.gz
0b5fb77c982faa0103011480265f74b5,OSD81_18S_lgc_workable.fasta.gz,/bioinf/projects/osd/main/2014/06/pre-processing/18S/quality-trimming/lgc/Sample_Eu565F-Eu981R-OSD81/fasta/OSD81_18S_lgc_workable.fasta.gz
1240821b624ce2361e3d992866c4ff0f,OSD90_16S_lgc_workable.fasta.gz,/bioinf/projects/osd/main/2014/06/pre-processing/16S/quality-trimming/lgc/Sample_515F-806R-OSD90/fasta/OSD90_16S_lgc_workable.fasta.gz
a0e76195b7cadb49b82cd4a284e77b80,OSD90_18S_lgc_workable.fasta.gz,/bioinf/projects/osd/main/2014/06/pre-processing/18S/quality-trimming/lgc/Sample_Eu565F-Eu981R-OSD90/fasta/OSD90_18S_lgc_workable.fasta.gz
945b870b4fbbaa250095a9e96ffca34b,OSD91_16S_lgc_workable.fasta.gz,/bioinf/projects/osd/main/2014/06/pre-processing/16S/quality-trimming/lgc/Sample_515F-806R-OSD91/fasta/OSD91_16S_lgc_workable.fasta.gz
d621123ffb0672a5f893d9991bad3ebd,OSD91_18S_lgc_workable.fasta.gz,/bioinf/projects/osd/main/2014/06/pre-processing/18S/quality-trimming/lgc/Sample_Eu565F-Eu981R-OSD91/fasta/OSD91_18S_lgc_workable.fasta.gz
a584365f5a605b4ab8e43762517da551,OSD9_16S_workable.fasta.gz,/bioinf/projects/osd/main/2014/06/pre-processing/16S/quality-trimming/lgc/Sample_515F-806R-OSD8/fasta/OSD8_16S_lgc_workable.fasta.gz
8ba895862495498d28287cc56481b1ce,OSD9_18S_v4_lw_workable.fasta.gz,/bioinf/projects/osd/main/2014/06/pre-processing/18S/quality-trimming/lifewatch-italy/V4/Sample_OSD9/fasta/OSD9_18S_v4_lw_workable.fasta.gz
991f68a03a28f9cbac4490f76475b33b,OSD9_18S_v9_lw_workable.fasta.gz,/bioinf/projects/osd/main/2014/06/pre-processing/18S/quality-trimming/lifewatch-italy/V9/Sample_OSD9/fasta/OSD9_18S_v9_lw_workable.fasta.gz
096aadb8985312a413714d878ada03a3,OSD9_18S_workable.fasta.gz,/bioinf/projects/osd/main/2014/06/pre-processing/18S/quality-trimming/lgc/Sample_Eu565F-Eu981R-OSD8/fasta/OSD8_18S_lgc_workable.fasta.gz
c5534195bb1357268039745217af6d7c,OSD92_16S_lgc_workable.fasta.gz,/bioinf/projects/osd/main/2014/06/pre-processing/16S/quality-trimming/lgc/Sample_515F-806R-OSD92/fasta/OSD92_16S_lgc_workable.fasta.gz
35253b7f1cf2448191c790e70ff29b4f,OSD92_18S_lgc_workable.fasta.gz,/bioinf/projects/osd/main/2014/06/pre-processing/18S/quality-trimming/lgc/Sample_Eu565F-Eu981R-OSD92/fasta/OSD92_18S_lgc_workable.fasta.gz
86355151a9fcc3b293109ea5c191d149,OSD93_16S_lgc_workable.fasta.gz,/bioinf/projects/osd/main/2014/06/pre-processing/16S/quality-trimming/lgc/Sample_515F-806R-OSD93/fasta/OSD93_16S_lgc_workable.fasta.gz
71079312ae3fe70ba9d7da8a3ed15d53,OSD93_18S_lgc_workable.fasta.gz,/bioinf/projects/osd/main/2014/06/pre-processing/18S/quality-trimming/lgc/Sample_Eu565F-Eu981R-OSD93/fasta/OSD93_18S_lgc_workable.fasta.gz
bfd07530a83b80bbec87b7a57dd52fd0,OSD94_16S_lgc_workable.fasta.gz,/bioinf/projects/osd/main/2014/06/pre-processing/16S/quality-trimming/lgc/Sample_515F-806R-OSD94/fasta/OSD94_16S_lgc_workable.fasta.gz
2d73d2cdeb4a1b2435be367ef7ecf670,OSD94_18S_lgc_workable.fasta.gz,/bioinf/projects/osd/main/2014/06/pre-processing/18S/quality-trimming/lgc/Sample_Eu565F-Eu981R-OSD94/fasta/OSD94_18S_lgc_workable.fasta.gz
56a874941e8d1d7102aa37d45ea8afbe,OSD95_16S_lgc_workable.fasta.gz,/bioinf/projects/osd/main/2014/06/pre-processing/16S/quality-trimming/lgc/Sample_515F-806R-OSD95/fasta/OSD95_16S_lgc_workable.fasta.gz
badf9deed949dc10fc4244e09c502ed6,OSD95_18S_lgc_workable.fasta.gz,/bioinf/projects/osd/main/2014/06/pre-processing/18S/quality-trimming/lgc/Sample_Eu565F-Eu981R-OSD95/fasta/OSD95_18S_lgc_workable.fasta.gz
ca9961696714882503605883a56fc557,OSD96_16S_lgc_workable.fasta.gz,/bioinf/projects/osd/main/2014/06/pre-processing/16S/quality-trimming/lgc/Sample_515F-806R-OSD96/fasta/OSD96_16S_lgc_workable.fasta.gz
7ef0de0c661c4fd73dc050b437a17bb0,OSD96_18S_lgc_workable.fasta.gz,/bioinf/projects/osd/main/2014/06/pre-processing/18S/quality-trimming/lgc/Sample_Eu565F-Eu981R-OSD96/fasta/OSD96_18S_lgc_workable.fasta.gz
8c38ca3a810bc9f6595bfb9fd0a06f47,OSD97_16S_lgc_workable.fasta.gz,/bioinf/projects/osd/main/2014/06/pre-processing/16S/quality-trimming/lgc/Sample_515F-806R-OSD97/fasta/OSD97_16S_lgc_workable.fasta.gz
1003c1c7fad863f7ef60571a0975a165,OSD97_18S_lgc_workable.fasta.gz,/bioinf/projects/osd/main/2014/06/pre-processing/18S/quality-trimming/lgc/Sample_Eu565F-Eu981R-OSD97/fasta/OSD97_18S_lgc_workable.fasta.gz
873832348aafa09614e9ccc70ee1fbd2,OSD98_16S_lgc_workable.fasta.gz,/bioinf/projects/osd/main/2014/06/pre-processing/16S/quality-trimming/lgc/Sample_515F-806R-OSD98/fasta/OSD98_16S_lgc_workable.fasta.gz
b68213ca9cd5da59bec94284b0a1206b,OSD98_18S_lgc_workable.fasta.gz,/bioinf/projects/osd/main/2014/06/pre-processing/18S/quality-trimming/lgc/Sample_Eu565F-Eu981R-OSD98/fasta/OSD98_18S_lgc_workable.fasta.gz
3e70741a031715102727e98030762845,OSD99_16S_lgc_workable.fasta.gz,/bioinf/projects/osd/main/2014/06/pre-processing/16S/quality-trimming/lgc/Sample_515F-806R-OSD99/fasta/OSD99_16S_lgc_workable.fasta.gz
a085acfaef6a42cc71e5c1a225025f54,OSD99_18S_lgc_workable.fasta.gz,/bioinf/projects/osd/main/2014/06/pre-processing/18S/quality-trimming/lgc/Sample_Eu565F-Eu981R-OSD99/fasta/OSD99_18S_lgc_workable.fasta.gz
66886ca5ce668d8875b3a76ff83390f2,OSD99_18S_v4_lw_workable.fasta.gz,/bioinf/projects/osd/main/2014/06/pre-processing/18S/quality-trimming/lifewatch-italy/V4/Sample_OSD99/fasta/OSD99_18S_v4_lw_workable.fasta.gz
f3e551d61437bb7efb35294171f4d359,OSD99_18S_v9_lw_workable.fasta.gz,/bioinf/projects/osd/main/2014/06/pre-processing/18S/quality-trimming/lifewatch-italy/V9/Sample_OSD99/fasta/OSD99_18S_v9_lw_workable.fasta.gz
