eb00892487f4b433a8ab68cec5d46a18,OSD100-1m-depth_16S_workable.fasta.gz,/bioinf/projects/osd/main/2014/06/submissions/ena/sequence-data/workable/OSD100-1m-depth_16S_workable.fasta.gz
35518295f1911148e78b07fc6deeff5b,OSD100-1m-depth_18S_workable.fasta.gz,/bioinf/projects/osd/main/2014/06/submissions/ena/sequence-data/workable/OSD100-1m-depth_18S_workable.fasta.gz
52ff15affd6eeec6e0f53f87af4c6f05,OSD100-20m-depth_16S_workable.fasta.gz,/bioinf/projects/osd/main/2014/06/submissions/ena/sequence-data/workable/OSD100-20m-depth_16S_workable.fasta.gz
a5aa2814735f6813c43ec5bff6cad5b1,OSD100-20m-depth_18S_workable.fasta.gz,/bioinf/projects/osd/main/2014/06/submissions/ena/sequence-data/workable/OSD100-20m-depth_18S_workable.fasta.gz
b86fa01ff046ca678f05d59b0110bbba,OSD101_16S_workable.fasta.gz,/bioinf/projects/osd/main/2014/06/submissions/ena/sequence-data/workable/OSD101_16S_workable.fasta.gz
cf51febc5fa417d1ed5c400fb71eee4b,OSD101_18S_workable.fasta.gz,/bioinf/projects/osd/main/2014/06/submissions/ena/sequence-data/workable/OSD101_18S_workable.fasta.gz
270088c8949f7a76dbc91ca483b4f9b9,OSD10_16S_workable.fasta.gz,/bioinf/projects/osd/main/2014/06/submissions/ena/sequence-data/workable/OSD10_16S_workable.fasta.gz
d2567eaf0bcfd0ac511b901c4d38452c,OSD10_18S_workable.fasta.gz,/bioinf/projects/osd/main/2014/06/submissions/ena/sequence-data/workable/OSD10_18S_workable.fasta.gz
eb82fd1f48ec8c016ca50b3bc0462abc,OSD102_16S_workable.fasta.gz,/bioinf/projects/osd/main/2014/06/submissions/ena/sequence-data/workable/OSD102_16S_workable.fasta.gz
07fd89a55159b9f1d15f23e71b80eef1,OSD102_18S_workable.fasta.gz,/bioinf/projects/osd/main/2014/06/submissions/ena/sequence-data/workable/OSD102_18S_workable.fasta.gz
565f44b950c71b8a4e5a29311861c70a,OSD103_16S_workable.fasta.gz,/bioinf/projects/osd/main/2014/06/submissions/ena/sequence-data/workable/OSD103_16S_workable.fasta.gz
b5a1b07d1212cf88c803843fc5badb2e,OSD103_18S_workable.fasta.gz,/bioinf/projects/osd/main/2014/06/submissions/ena/sequence-data/workable/OSD103_18S_workable.fasta.gz
9f18e0c5a16e494de9c91d97bbd74dc1,OSD105_16S_workable.fasta.gz,/bioinf/projects/osd/main/2014/06/submissions/ena/sequence-data/workable/OSD105_16S_workable.fasta.gz
a5caa6ec37ccac855362079b22f830b1,OSD105_18S_workable.fasta.gz,/bioinf/projects/osd/main/2014/06/submissions/ena/sequence-data/workable/OSD105_18S_workable.fasta.gz
24b49857a69b27f2ed73fc7487229625,OSD106-sea-water-bottom_16S_workable.fasta.gz,/bioinf/projects/osd/main/2014/06/submissions/ena/sequence-data/workable/OSD106-sea-water-bottom_16S_workable.fasta.gz
32dd642b935e6044dcbc756ddcc5a85b,OSD106-sea-water-bottom_18S_workable.fasta.gz,/bioinf/projects/osd/main/2014/06/submissions/ena/sequence-data/workable/OSD106-sea-water-bottom_18S_workable.fasta.gz
154d11b0d0a7bb93087ad839b696c0f5,OSD106-surface_16S_workable.fasta.gz,/bioinf/projects/osd/main/2014/06/submissions/ena/sequence-data/workable/OSD106-surface_16S_workable.fasta.gz
8911ae72c6e594a53ec185054d37a2be,OSD106-surface_18S_workable.fasta.gz,/bioinf/projects/osd/main/2014/06/submissions/ena/sequence-data/workable/OSD106-surface_18S_workable.fasta.gz
3a489a1dca50dcda4eea0847e6e34c9f,OSD107_16S_workable.fasta.gz,/bioinf/projects/osd/main/2014/06/submissions/ena/sequence-data/workable/OSD107_16S_workable.fasta.gz
ff7a9d3fb10838f7226936e2c933b8f3,OSD107_18S_workable.fasta.gz,/bioinf/projects/osd/main/2014/06/submissions/ena/sequence-data/workable/OSD107_18S_workable.fasta.gz
d34d0dd04c7be19b8eb152a2541a4cb9,OSD108_16S_workable.fasta.gz,/bioinf/projects/osd/main/2014/06/submissions/ena/sequence-data/workable/OSD108_16S_workable.fasta.gz
14c70f1625ff12526f537c5b4ee9b0cd,OSD108_18S_workable.fasta.gz,/bioinf/projects/osd/main/2014/06/submissions/ena/sequence-data/workable/OSD108_18S_workable.fasta.gz
1407d7e6828cb36b8b6e58be72ee95c3,OSD109_16S_workable.fasta.gz,/bioinf/projects/osd/main/2014/06/submissions/ena/sequence-data/workable/OSD109_16S_workable.fasta.gz
c08cddfaaa80c7bc1cd1d9bb9c2c4476,OSD109_18S_workable.fasta.gz,/bioinf/projects/osd/main/2014/06/submissions/ena/sequence-data/workable/OSD109_18S_workable.fasta.gz
d3077a8c375b8dfef62bde00c99b765e,OSD110_16S_workable.fasta.gz,/bioinf/projects/osd/main/2014/06/submissions/ena/sequence-data/workable/OSD110_16S_workable.fasta.gz
e6bc9e0f211f167ae186c301ed1ed814,OSD110_18S_workable.fasta.gz,/bioinf/projects/osd/main/2014/06/submissions/ena/sequence-data/workable/OSD110_18S_workable.fasta.gz
4a9558584775f9c76fa281d8bc7cda78,OSD111_16S_workable.fasta.gz,/bioinf/projects/osd/main/2014/06/submissions/ena/sequence-data/workable/OSD111_16S_workable.fasta.gz
c1ead0584fa4b7cff45bce4cf5e6aa09,OSD111_18S_workable.fasta.gz,/bioinf/projects/osd/main/2014/06/submissions/ena/sequence-data/workable/OSD111_18S_workable.fasta.gz
23a1994c878b51761d3865c3cd374ddf,OSD113_16S_workable.fasta.gz,/bioinf/projects/osd/main/2014/06/submissions/ena/sequence-data/workable/OSD113_16S_workable.fasta.gz
c06f428d7884aa20cb70d9df92efb94d,OSD113_18S_workable.fasta.gz,/bioinf/projects/osd/main/2014/06/submissions/ena/sequence-data/workable/OSD113_18S_workable.fasta.gz
1efb4347a338177239c634385a672c27,OSD114_16S_workable.fasta.gz,/bioinf/projects/osd/main/2014/06/submissions/ena/sequence-data/workable/OSD114_16S_workable.fasta.gz
abc389c93e425ec8e88a77dca491b4fe,OSD114_18S_workable.fasta.gz,/bioinf/projects/osd/main/2014/06/submissions/ena/sequence-data/workable/OSD114_18S_workable.fasta.gz
e44109bcde32b2ab163ac88c01d3cae1,OSD115_16S_workable.fasta.gz,/bioinf/projects/osd/main/2014/06/submissions/ena/sequence-data/workable/OSD115_16S_workable.fasta.gz
04fb7c2a2701918fb0a041a687787c11,OSD115_18S_workable.fasta.gz,/bioinf/projects/osd/main/2014/06/submissions/ena/sequence-data/workable/OSD115_18S_workable.fasta.gz
3c04002c27e3a118fbb65c0c85ac33a7,OSD116_16S_workable.fasta.gz,/bioinf/projects/osd/main/2014/06/submissions/ena/sequence-data/workable/OSD116_16S_workable.fasta.gz
b6d22703a5a1103600ac9430b44ccf86,OSD116_18S_workable.fasta.gz,/bioinf/projects/osd/main/2014/06/submissions/ena/sequence-data/workable/OSD116_18S_workable.fasta.gz
a43485cf5679cc07001165c23487c5c8,OSD1_16S_workable.fasta.gz,/bioinf/projects/osd/main/2014/06/submissions/ena/sequence-data/workable/OSD1_16S_workable.fasta.gz
392230481e680e8553e02926e3acf374,OSD117_16S_workable.fasta.gz,/bioinf/projects/osd/main/2014/06/submissions/ena/sequence-data/workable/OSD117_16S_workable.fasta.gz
5c7e9dac99fd9ac7d2db926666040282,OSD117_18S_workable.fasta.gz,/bioinf/projects/osd/main/2014/06/submissions/ena/sequence-data/workable/OSD117_18S_workable.fasta.gz
c7091a625ff5a45a5a812717ab7ead7e,OSD118_16S_workable.fasta.gz,/bioinf/projects/osd/main/2014/06/submissions/ena/sequence-data/workable/OSD118_16S_workable.fasta.gz
0f3e42fd26bc6bccd9d291f203792311,OSD118_18S_workable.fasta.gz,/bioinf/projects/osd/main/2014/06/submissions/ena/sequence-data/workable/OSD118_18S_workable.fasta.gz
7babb29369e28e3875448f2de37bbb7c,OSD1_18S_workable.fasta.gz,/bioinf/projects/osd/main/2014/06/submissions/ena/sequence-data/workable/OSD1_18S_workable.fasta.gz
60e4b778f6f9ef5b68853b1d8c5addee,OSD122_16S_workable.fasta.gz,/bioinf/projects/osd/main/2014/06/submissions/ena/sequence-data/workable/OSD122_16S_workable.fasta.gz
f451a17b1f88a05fa20c559471fb3815,OSD122_18S_workable.fasta.gz,/bioinf/projects/osd/main/2014/06/submissions/ena/sequence-data/workable/OSD122_18S_workable.fasta.gz
24d8c36450924c97e9e6c893293b549a,OSD123_16S_workable.fasta.gz,/bioinf/projects/osd/main/2014/06/submissions/ena/sequence-data/workable/OSD123_16S_workable.fasta.gz
3783bba8e8c092871208259e8633deda,OSD123_18S_workable.fasta.gz,/bioinf/projects/osd/main/2014/06/submissions/ena/sequence-data/workable/OSD123_18S_workable.fasta.gz
11f9f3295df24890f7f88bc6b55ba275,OSD124_16S_workable.fasta.gz,/bioinf/projects/osd/main/2014/06/submissions/ena/sequence-data/workable/OSD124_16S_workable.fasta.gz
c3a55e9c552f10b5e05c835e187784c9,OSD124_18S_workable.fasta.gz,/bioinf/projects/osd/main/2014/06/submissions/ena/sequence-data/workable/OSD124_18S_workable.fasta.gz
1a35069ec036e99bb55b70d51f333703,OSD125_16S_workable.fasta.gz,/bioinf/projects/osd/main/2014/06/submissions/ena/sequence-data/workable/OSD125_16S_workable.fasta.gz
07c0c59c13f84d2da0f9d81d62143192,OSD125_18S_workable.fasta.gz,/bioinf/projects/osd/main/2014/06/submissions/ena/sequence-data/workable/OSD125_18S_workable.fasta.gz
6cc7ac5bb771156fecd37379d9ec7ffe,OSD126_16S_workable.fasta.gz,/bioinf/projects/osd/main/2014/06/submissions/ena/sequence-data/workable/OSD126_16S_workable.fasta.gz
d2120c6bd6cd2b599803ec61a9781e10,OSD126_18S_workable.fasta.gz,/bioinf/projects/osd/main/2014/06/submissions/ena/sequence-data/workable/OSD126_18S_workable.fasta.gz
910384683c3a8ee828bdedf80af6a272,OSD127_16S_workable.fasta.gz,/bioinf/projects/osd/main/2014/06/submissions/ena/sequence-data/workable/OSD127_16S_workable.fasta.gz
d54c0271a7a895f09cd3e8615ace7dfd,OSD127_18S_workable.fasta.gz,/bioinf/projects/osd/main/2014/06/submissions/ena/sequence-data/workable/OSD127_18S_workable.fasta.gz
37bd4dd42a6f1418123480c08d487b10,OSD128_16S_workable.fasta.gz,/bioinf/projects/osd/main/2014/06/submissions/ena/sequence-data/workable/OSD128_16S_workable.fasta.gz
00786a73bf4d2db32d51e7c30b6f7bce,OSD128_18S_workable.fasta.gz,/bioinf/projects/osd/main/2014/06/submissions/ena/sequence-data/workable/OSD128_18S_workable.fasta.gz
5fdb5875db4d6c9ac0e0a0a77b3a7e46,OSD129_16S_workable.fasta.gz,/bioinf/projects/osd/main/2014/06/submissions/ena/sequence-data/workable/OSD129_16S_workable.fasta.gz
aa35dd1c83979d60bcf9ed95fed7a5d4,OSD129_18S_workable.fasta.gz,/bioinf/projects/osd/main/2014/06/submissions/ena/sequence-data/workable/OSD129_18S_workable.fasta.gz
3f165d88b42f397a93f63b4e8257eff7,OSD130_16S_workable.fasta.gz,/bioinf/projects/osd/main/2014/06/submissions/ena/sequence-data/workable/OSD130_16S_workable.fasta.gz
722d1369f943c069e8b8b09b5dbd51d9,OSD130_18S_workable.fasta.gz,/bioinf/projects/osd/main/2014/06/submissions/ena/sequence-data/workable/OSD130_18S_workable.fasta.gz
b226bc90ca0d5c1230d9603c2cb5783b,OSD131_16S_workable.fasta.gz,/bioinf/projects/osd/main/2014/06/submissions/ena/sequence-data/workable/OSD131_16S_workable.fasta.gz
8e334995c6d62766b7e703da4afbe2e6,OSD131_18S_workable.fasta.gz,/bioinf/projects/osd/main/2014/06/submissions/ena/sequence-data/workable/OSD131_18S_workable.fasta.gz
5281b36059f3efe9888acd965c763752,OSD13_16S_workable.fasta.gz,/bioinf/projects/osd/main/2014/06/submissions/ena/sequence-data/workable/OSD13_16S_workable.fasta.gz
a6ca545a01a9eb482aa2bdcc1cd4d086,OSD13_18S_workable.fasta.gz,/bioinf/projects/osd/main/2014/06/submissions/ena/sequence-data/workable/OSD13_18S_workable.fasta.gz
c663317223abc79c9b2fae28dcb92d26,OSD132_16S_workable.fasta.gz,/bioinf/projects/osd/main/2014/06/submissions/ena/sequence-data/workable/OSD132_16S_workable.fasta.gz
09ffa1ee47d2dd103dfbbbee34ecd6aa,OSD132_18S_workable.fasta.gz,/bioinf/projects/osd/main/2014/06/submissions/ena/sequence-data/workable/OSD132_18S_workable.fasta.gz
039ae1350ffe12181bebd6e61d150d07,OSD133_16S_workable.fasta.gz,/bioinf/projects/osd/main/2014/06/submissions/ena/sequence-data/workable/OSD133_16S_workable.fasta.gz
ab0348b194351143df11bfe70f758d28,OSD133_18S_workable.fasta.gz,/bioinf/projects/osd/main/2014/06/submissions/ena/sequence-data/workable/OSD133_18S_workable.fasta.gz
11e76bf49685131dfa5efddaa1e6dc7c,OSD141_16S_workable.fasta.gz,/bioinf/projects/osd/main/2014/06/submissions/ena/sequence-data/workable/OSD141_16S_workable.fasta.gz
9e693f02a7920cddb4fc892aea064a00,OSD141_18S_workable.fasta.gz,/bioinf/projects/osd/main/2014/06/submissions/ena/sequence-data/workable/OSD141_18S_workable.fasta.gz
952ad16b8fc6b29e357bf6c281f2f3fa,OSD14_16S_workable.fasta.gz,/bioinf/projects/osd/main/2014/06/submissions/ena/sequence-data/workable/OSD14_16S_workable.fasta.gz
86b1af674ea12f8d038b213ab5ae5b10,OSD14_18S_workable.fasta.gz,/bioinf/projects/osd/main/2014/06/submissions/ena/sequence-data/workable/OSD14_18S_workable.fasta.gz
3e8442bb9e3cfd77dc96476088c56335,OSD142_16S_workable.fasta.gz,/bioinf/projects/osd/main/2014/06/submissions/ena/sequence-data/workable/OSD142_16S_workable.fasta.gz
d8833065a6f7a0e88cd43f5cd3c7bc8a,OSD142_18S_workable.fasta.gz,/bioinf/projects/osd/main/2014/06/submissions/ena/sequence-data/workable/OSD142_18S_workable.fasta.gz
3071fd584aad01bed0b713815134ef22,OSD143_16S_workable.fasta.gz,/bioinf/projects/osd/main/2014/06/submissions/ena/sequence-data/workable/OSD143_16S_workable.fasta.gz
3f84a0971b6e173ef6e550ce244210c1,OSD143_18S_workable.fasta.gz,/bioinf/projects/osd/main/2014/06/submissions/ena/sequence-data/workable/OSD143_18S_workable.fasta.gz
131b474d00350eb690c278308e539243,OSD144_16S_workable.fasta.gz,/bioinf/projects/osd/main/2014/06/submissions/ena/sequence-data/workable/OSD144_16S_workable.fasta.gz
459a8c0cfdce3282798edd16c258cc52,OSD144_18S_workable.fasta.gz,/bioinf/projects/osd/main/2014/06/submissions/ena/sequence-data/workable/OSD144_18S_workable.fasta.gz
63f4de7fa585b12af5745bc24aecb5f6,OSD145_16S_workable.fasta.gz,/bioinf/projects/osd/main/2014/06/submissions/ena/sequence-data/workable/OSD145_16S_workable.fasta.gz
5098e2cadf43de0a02670bd265173b26,OSD145_18S_workable.fasta.gz,/bioinf/projects/osd/main/2014/06/submissions/ena/sequence-data/workable/OSD145_18S_workable.fasta.gz
dbf3c24b058666696c3ea7d694a0b03d,OSD146_16S_workable.fasta.gz,/bioinf/projects/osd/main/2014/06/submissions/ena/sequence-data/workable/OSD146_16S_workable.fasta.gz
b6ab83e35497139d66da004fab0e4506,OSD146_18S_workable.fasta.gz,/bioinf/projects/osd/main/2014/06/submissions/ena/sequence-data/workable/OSD146_18S_workable.fasta.gz
e398cea420c7fbc9f805f5613e3b7981,OSD147_16S_workable.fasta.gz,/bioinf/projects/osd/main/2014/06/submissions/ena/sequence-data/workable/OSD147_16S_workable.fasta.gz
001fa6dd5e666bf6d8674133fe68c340,OSD147_18S_workable.fasta.gz,/bioinf/projects/osd/main/2014/06/submissions/ena/sequence-data/workable/OSD147_18S_workable.fasta.gz
136dbf435591277a04ec34c52c4038d3,OSD148_16S_workable.fasta.gz,/bioinf/projects/osd/main/2014/06/submissions/ena/sequence-data/workable/OSD148_16S_workable.fasta.gz
bd47d40b7b37e8ba0a9390c4aba3080f,OSD148_18S_workable.fasta.gz,/bioinf/projects/osd/main/2014/06/submissions/ena/sequence-data/workable/OSD148_18S_workable.fasta.gz
554e708bd9805a579be1343f67b17bbd,OSD149_16S_workable.fasta.gz,/bioinf/projects/osd/main/2014/06/submissions/ena/sequence-data/workable/OSD149_16S_workable.fasta.gz
68b362563c1d49dadacfef4ddae93660,OSD149_18S_workable.fasta.gz,/bioinf/projects/osd/main/2014/06/submissions/ena/sequence-data/workable/OSD149_18S_workable.fasta.gz
dbb7a9424741fc0fd066466b07279558,OSD150_16S_workable.fasta.gz,/bioinf/projects/osd/main/2014/06/submissions/ena/sequence-data/workable/OSD150_16S_workable.fasta.gz
10508838f8587a346e1d78907fd2eb4c,OSD150_18S_workable.fasta.gz,/bioinf/projects/osd/main/2014/06/submissions/ena/sequence-data/workable/OSD150_18S_workable.fasta.gz
f147924e0a99dcf021a9d463de49d9da,OSD151_16S_workable.fasta.gz,/bioinf/projects/osd/main/2014/06/submissions/ena/sequence-data/workable/OSD151_16S_workable.fasta.gz
d7da70a9836e0eb844ba10e0a9df3c20,OSD151_18S_workable.fasta.gz,/bioinf/projects/osd/main/2014/06/submissions/ena/sequence-data/workable/OSD151_18S_workable.fasta.gz
5e48b34766d2a0bb78c91c22724a4054,OSD152-10m-depth_16S_workable.fasta.gz,/bioinf/projects/osd/main/2014/06/submissions/ena/sequence-data/workable/OSD152-10m-depth_16S_workable.fasta.gz
359b05b07530d72a7729e3d29d7e5d4e,OSD152-10m-depth_18S_workable.fasta.gz,/bioinf/projects/osd/main/2014/06/submissions/ena/sequence-data/workable/OSD152-10m-depth_18S_workable.fasta.gz
c6c8c32768dde3219b4b3f474fca3f39,OSD152-1m-depth_16S_workable.fasta.gz,/bioinf/projects/osd/main/2014/06/submissions/ena/sequence-data/workable/OSD152-1m-depth_16S_workable.fasta.gz
9bd352f8876e83cdba357738b13331ea,OSD152-1m-depth_18S_workable.fasta.gz,/bioinf/projects/osd/main/2014/06/submissions/ena/sequence-data/workable/OSD152-1m-depth_18S_workable.fasta.gz
e1d2912e02b9e3ad53895db687ba801e,OSD152-5m-depth_16S_workable.fasta.gz,/bioinf/projects/osd/main/2014/06/submissions/ena/sequence-data/workable/OSD152-5m-depth_16S_workable.fasta.gz
e0e8c72ee5fc645c228816cc7dc5b559,OSD152-5m-depth_18S_workable.fasta.gz,/bioinf/projects/osd/main/2014/06/submissions/ena/sequence-data/workable/OSD152-5m-depth_18S_workable.fasta.gz
ff18389ca870a8da748179a7035c1471,OSD153_16S_workable.fasta.gz,/bioinf/projects/osd/main/2014/06/submissions/ena/sequence-data/workable/OSD153_16S_workable.fasta.gz
86e505c7fc505278ae5a1bddc4ae9e10,OSD153_18S_workable.fasta.gz,/bioinf/projects/osd/main/2014/06/submissions/ena/sequence-data/workable/OSD153_18S_workable.fasta.gz
4ae290afd028d5d97a334cfad700a996,OSD154_16S_workable.fasta.gz,/bioinf/projects/osd/main/2014/06/submissions/ena/sequence-data/workable/OSD154_16S_workable.fasta.gz
9b0dba36aa35681e4236a496f63d7d8c,OSD154_18S_workable.fasta.gz,/bioinf/projects/osd/main/2014/06/submissions/ena/sequence-data/workable/OSD154_18S_workable.fasta.gz
80615cf2dbd64f362d988b80c5b4491e,OSD15-50m-depth_16S_workable.fasta.gz,/bioinf/projects/osd/main/2014/06/submissions/ena/sequence-data/workable/OSD15-50m-depth_16S_workable.fasta.gz
236e598cf1ce6a45825ca4556a8719ce,OSD15-50m-depth_18S_workable.fasta.gz,/bioinf/projects/osd/main/2014/06/submissions/ena/sequence-data/workable/OSD15-50m-depth_18S_workable.fasta.gz
7ed6ce31802099c618b8509272c970f8,OSD155-12-8m-depth_16S_workable.fasta.gz,/bioinf/projects/osd/main/2014/06/submissions/ena/sequence-data/workable/OSD155-12-8m-depth_16S_workable.fasta.gz
cb3cfd24cfc02a1b4e5e3dadbd21a2d0,OSD155-12-8m-depth_18S_workable.fasta.gz,/bioinf/projects/osd/main/2014/06/submissions/ena/sequence-data/workable/OSD155-12-8m-depth_18S_workable.fasta.gz
ba614cf28ad314f09ddb7724efe0520a,OSD155-1m-depth_16S_workable.fasta.gz,/bioinf/projects/osd/main/2014/06/submissions/ena/sequence-data/workable/OSD155-1m-depth_16S_workable.fasta.gz
2fa7426d777e9e1435d6cd27016eac4f,OSD155-1m-depth_18S_workable.fasta.gz,/bioinf/projects/osd/main/2014/06/submissions/ena/sequence-data/workable/OSD155-1m-depth_18S_workable.fasta.gz
68a87965d9ef9fa4e03870090b227901,OSD156-11-8m-depth_16S_workable.fasta.gz,/bioinf/projects/osd/main/2014/06/submissions/ena/sequence-data/workable/OSD156-11-8m-depth_16S_workable.fasta.gz
db687224d91a01c0e2bbbc2661fe2000,OSD156-11-8m-depth_18S_workable.fasta.gz,/bioinf/projects/osd/main/2014/06/submissions/ena/sequence-data/workable/OSD156-11-8m-depth_18S_workable.fasta.gz
52d44ac968b2217e18c329280bfc500b,OSD156-1m-depth_16S_workable.fasta.gz,/bioinf/projects/osd/main/2014/06/submissions/ena/sequence-data/workable/OSD156-1m-depth_16S_workable.fasta.gz
21b13109b5f332794c235a94ce05d98f,OSD156-1m-depth_18S_workable.fasta.gz,/bioinf/projects/osd/main/2014/06/submissions/ena/sequence-data/workable/OSD156-1m-depth_18S_workable.fasta.gz
586121ff4e1b5d20ca6395ab972fc1e7,OSD157-1m-depth_16S_workable.fasta.gz,/bioinf/projects/osd/main/2014/06/submissions/ena/sequence-data/workable/OSD157-1m-depth_16S_workable.fasta.gz
15544b1d2fa4d883bbf4bfd1a742766a,OSD157-1m-depth_18S_workable.fasta.gz,/bioinf/projects/osd/main/2014/06/submissions/ena/sequence-data/workable/OSD157-1m-depth_18S_workable.fasta.gz
8186e46e0a79ee6222a71ba3266566cc,OSD157-80m-depth_16S_workable.fasta.gz,/bioinf/projects/osd/main/2014/06/submissions/ena/sequence-data/workable/OSD157-80m-depth_16S_workable.fasta.gz
5cfaf6df20a4c355e032bda0bca0f5cb,OSD157-80m-depth_18S_workable.fasta.gz,/bioinf/projects/osd/main/2014/06/submissions/ena/sequence-data/workable/OSD157-80m-depth_18S_workable.fasta.gz
2d7f13a75b4cf0eb56eebb436db61ce8,OSD158_16S_workable.fasta.gz,/bioinf/projects/osd/main/2014/06/submissions/ena/sequence-data/workable/OSD158_16S_workable.fasta.gz
548d8fe09de31598e9cddf3192007ec1,OSD158_18S_workable.fasta.gz,/bioinf/projects/osd/main/2014/06/submissions/ena/sequence-data/workable/OSD158_18S_workable.fasta.gz
a7169686afc92d15ff75044e67655af4,OSD159_16S_workable.fasta.gz,/bioinf/projects/osd/main/2014/06/submissions/ena/sequence-data/workable/OSD159_16S_workable.fasta.gz
7a31612111a7d9be23cc3c46004c705d,OSD159_18S_workable.fasta.gz,/bioinf/projects/osd/main/2014/06/submissions/ena/sequence-data/workable/OSD159_18S_workable.fasta.gz
3252b16c1326d9e8cca80eea6103652c,OSD15-surface_16S_workable.fasta.gz,/bioinf/projects/osd/main/2014/06/submissions/ena/sequence-data/workable/OSD15-surface_16S_workable.fasta.gz
d55dbea6c7be5f364410b5656f008d5d,OSD15-surface_18S_workable.fasta.gz,/bioinf/projects/osd/main/2014/06/submissions/ena/sequence-data/workable/OSD15-surface_18S_workable.fasta.gz
785edb5ae6f1ddcba153b94a91737abc,OSD162_16S_workable.fasta.gz,/bioinf/projects/osd/main/2014/06/submissions/ena/sequence-data/workable/OSD162_16S_workable.fasta.gz
74d866a5d2a5accf73f4706f377e87b7,OSD162_18S_workable.fasta.gz,/bioinf/projects/osd/main/2014/06/submissions/ena/sequence-data/workable/OSD162_18S_workable.fasta.gz
afaedf0face345e9ae24e55181c2494c,OSD163_16S_workable.fasta.gz,/bioinf/projects/osd/main/2014/06/submissions/ena/sequence-data/workable/OSD163_16S_workable.fasta.gz
0c5cfcf76091cdbc26a88d44943aaae5,OSD163_18S_workable.fasta.gz,/bioinf/projects/osd/main/2014/06/submissions/ena/sequence-data/workable/OSD163_18S_workable.fasta.gz
e8e6136f066a5e0de2665ecfa8f64247,OSD164_16S_workable.fasta.gz,/bioinf/projects/osd/main/2014/06/submissions/ena/sequence-data/workable/OSD164_16S_workable.fasta.gz
f78592e7abea5fe5a0584f9fec3925f4,OSD164_18S_workable.fasta.gz,/bioinf/projects/osd/main/2014/06/submissions/ena/sequence-data/workable/OSD164_18S_workable.fasta.gz
ca8ddd01fd9422a60c0566902b2bfdeb,OSD165_16S_workable.fasta.gz,/bioinf/projects/osd/main/2014/06/submissions/ena/sequence-data/workable/OSD165_16S_workable.fasta.gz
a229006172377b670fd86fa5fac6c84f,OSD165_18S_workable.fasta.gz,/bioinf/projects/osd/main/2014/06/submissions/ena/sequence-data/workable/OSD165_18S_workable.fasta.gz
4a59769dc42552614a577dba6dc1d436,OSD166_16S_workable.fasta.gz,/bioinf/projects/osd/main/2014/06/submissions/ena/sequence-data/workable/OSD166_16S_workable.fasta.gz
797c14513576406a5d5ef64f582d5243,OSD166_18S_workable.fasta.gz,/bioinf/projects/osd/main/2014/06/submissions/ena/sequence-data/workable/OSD166_18S_workable.fasta.gz
cce221f25c642a8e40fd87174354073e,OSD167_16S_workable.fasta.gz,/bioinf/projects/osd/main/2014/06/submissions/ena/sequence-data/workable/OSD167_16S_workable.fasta.gz
b8e1d01e54fc9fcb48d143b11eec90a9,OSD167_18S_workable.fasta.gz,/bioinf/projects/osd/main/2014/06/submissions/ena/sequence-data/workable/OSD167_18S_workable.fasta.gz
e7ad09f9ae46bba5c4ec2581e02168f9,OSD168_16S_workable.fasta.gz,/bioinf/projects/osd/main/2014/06/submissions/ena/sequence-data/workable/OSD168_16S_workable.fasta.gz
f62bcbdda05da017b6825d0baeca4a23,OSD168_18S_workable.fasta.gz,/bioinf/projects/osd/main/2014/06/submissions/ena/sequence-data/workable/OSD168_18S_workable.fasta.gz
2e8b29261ce9c66b42fafd6d5e0dc33e,OSD169_16S_workable.fasta.gz,/bioinf/projects/osd/main/2014/06/submissions/ena/sequence-data/workable/OSD169_16S_workable.fasta.gz
959f02bdd33d4a30e2d7a9014e880383,OSD169_18S_workable.fasta.gz,/bioinf/projects/osd/main/2014/06/submissions/ena/sequence-data/workable/OSD169_18S_workable.fasta.gz
ae2c60458474a6132ff148c7ae667053,OSD170_16S_workable.fasta.gz,/bioinf/projects/osd/main/2014/06/submissions/ena/sequence-data/workable/OSD170_16S_workable.fasta.gz
1b1ba0b86abdb6e994dab2298d0b10b6,OSD170_18S_workable.fasta.gz,/bioinf/projects/osd/main/2014/06/submissions/ena/sequence-data/workable/OSD170_18S_workable.fasta.gz
f58413bf47fe8fd7e6772832a1eeb500,OSD171_16S_workable.fasta.gz,/bioinf/projects/osd/main/2014/06/submissions/ena/sequence-data/workable/OSD171_16S_workable.fasta.gz
17ec7e1ed68463ee452d8d24bbbd62b4,OSD171_18S_workable.fasta.gz,/bioinf/projects/osd/main/2014/06/submissions/ena/sequence-data/workable/OSD171_18S_workable.fasta.gz
69c572b4f68ca84541afbad544df2175,OSD17_16S_workable.fasta.gz,/bioinf/projects/osd/main/2014/06/submissions/ena/sequence-data/workable/OSD17_16S_workable.fasta.gz
16d3fd61f045f2dfcf82f4f21bb396e1,OSD17_18S_workable.fasta.gz,/bioinf/projects/osd/main/2014/06/submissions/ena/sequence-data/workable/OSD17_18S_workable.fasta.gz
a2d5b443573df91947b87ed941a4e0b5,OSD172_16S_workable.fasta.gz,/bioinf/projects/osd/main/2014/06/submissions/ena/sequence-data/workable/OSD172_16S_workable.fasta.gz
6a240c6396c23a396729b8b2b875b4b9,OSD172_18S_workable.fasta.gz,/bioinf/projects/osd/main/2014/06/submissions/ena/sequence-data/workable/OSD172_18S_workable.fasta.gz
9d526a551508bd05d58f6a889607876d,OSD173_16S_workable.fasta.gz,/bioinf/projects/osd/main/2014/06/submissions/ena/sequence-data/workable/OSD173_16S_workable.fasta.gz
50e67346348e57dd39ea93b326de5700,OSD173_18S_workable.fasta.gz,/bioinf/projects/osd/main/2014/06/submissions/ena/sequence-data/workable/OSD173_18S_workable.fasta.gz
0d2c72fd1a2f426940bd3f8b2043ebf9,OSD174_16S_workable.fasta.gz,/bioinf/projects/osd/main/2014/06/submissions/ena/sequence-data/workable/OSD174_16S_workable.fasta.gz
4ae65fcd0f782535eb5dc77ddc863ade,OSD174_18S_workable.fasta.gz,/bioinf/projects/osd/main/2014/06/submissions/ena/sequence-data/workable/OSD174_18S_workable.fasta.gz
7b3f44fc4a25d0f51c86be30be9bda52,OSD175_16S_workable.fasta.gz,/bioinf/projects/osd/main/2014/06/submissions/ena/sequence-data/workable/OSD175_16S_workable.fasta.gz
ead48583af0d1e8e7558592dec4bc1aa,OSD175_18S_workable.fasta.gz,/bioinf/projects/osd/main/2014/06/submissions/ena/sequence-data/workable/OSD175_18S_workable.fasta.gz
7d2e90f6759a18c2ed81f4884803e7c4,OSD176_16S_workable.fasta.gz,/bioinf/projects/osd/main/2014/06/submissions/ena/sequence-data/workable/OSD176_16S_workable.fasta.gz
88c848b3209d1b190793b5fbfdaff61b,OSD176_18S_workable.fasta.gz,/bioinf/projects/osd/main/2014/06/submissions/ena/sequence-data/workable/OSD176_18S_workable.fasta.gz
135095e28f3e609985c0e3a113259bf9,OSD177_16S_workable.fasta.gz,/bioinf/projects/osd/main/2014/06/submissions/ena/sequence-data/workable/OSD177_16S_workable.fasta.gz
44925e28295ed3986c70666722f5537d,OSD177_18S_workable.fasta.gz,/bioinf/projects/osd/main/2014/06/submissions/ena/sequence-data/workable/OSD177_18S_workable.fasta.gz
8dfbc0478f3718809ad2cc275e2d10d0,OSD178_16S_workable.fasta.gz,/bioinf/projects/osd/main/2014/06/submissions/ena/sequence-data/workable/OSD178_16S_workable.fasta.gz
a1bf8e4cd26db40ea849c47d2886cedf,OSD178_18S_workable.fasta.gz,/bioinf/projects/osd/main/2014/06/submissions/ena/sequence-data/workable/OSD178_18S_workable.fasta.gz
c590baf00965f5a85275dd95f96bf6b1,OSD18_16S_workable.fasta.gz,/bioinf/projects/osd/main/2014/06/submissions/ena/sequence-data/workable/OSD18_16S_workable.fasta.gz
8b4a1707f154555ae49191ca70a00f22,OSD18_18S_workable.fasta.gz,/bioinf/projects/osd/main/2014/06/submissions/ena/sequence-data/workable/OSD18_18S_workable.fasta.gz
fc5c249b660efad63675451a80bb76e8,OSD182_16S_workable.fasta.gz,/bioinf/projects/osd/main/2014/06/submissions/ena/sequence-data/workable/OSD182_16S_workable.fasta.gz
3f2edae7874a17540de7ce12ca757c77,OSD182_18S_workable.fasta.gz,/bioinf/projects/osd/main/2014/06/submissions/ena/sequence-data/workable/OSD182_18S_workable.fasta.gz
cf72cbed4ece547959a572f34b274cf6,OSD183_16S_workable.fasta.gz,/bioinf/projects/osd/main/2014/06/submissions/ena/sequence-data/workable/OSD183_16S_workable.fasta.gz
c435da3b1f34220bc57a43fc3bc9c487,OSD183_18S_workable.fasta.gz,/bioinf/projects/osd/main/2014/06/submissions/ena/sequence-data/workable/OSD183_18S_workable.fasta.gz
27e45f7fa7fada45fc55d7f327b897ea,OSD184_16S_workable.fasta.gz,/bioinf/projects/osd/main/2014/06/submissions/ena/sequence-data/workable/OSD184_16S_workable.fasta.gz
6f920ccec29cbe0caa28911865913df9,OSD184_18S_workable.fasta.gz,/bioinf/projects/osd/main/2014/06/submissions/ena/sequence-data/workable/OSD184_18S_workable.fasta.gz
092d85f618df5a9ba6e30b5218400f8d,OSD185_16S_workable.fasta.gz,/bioinf/projects/osd/main/2014/06/submissions/ena/sequence-data/workable/OSD185_16S_workable.fasta.gz
495f22b4a6f73679a9442c3b6ef2b48c,OSD185_18S_workable.fasta.gz,/bioinf/projects/osd/main/2014/06/submissions/ena/sequence-data/workable/OSD185_18S_workable.fasta.gz
bed5a0d2e5a9795a0173a9ec328782e1,OSD186_16S_workable.fasta.gz,/bioinf/projects/osd/main/2014/06/submissions/ena/sequence-data/workable/OSD186_16S_workable.fasta.gz
845de8102267e89eb8b6ab5b2a7a3bb7,OSD186_18S_workable.fasta.gz,/bioinf/projects/osd/main/2014/06/submissions/ena/sequence-data/workable/OSD186_18S_workable.fasta.gz
a63b7c04b59b3b5ccfce2ea156a524c7,OSD188_16S_workable.fasta.gz,/bioinf/projects/osd/main/2014/06/submissions/ena/sequence-data/workable/OSD188_16S_workable.fasta.gz
bcb7402f85c2cbc23e763d0f338ba4e5,OSD189_16S_workable.fasta.gz,/bioinf/projects/osd/main/2014/06/submissions/ena/sequence-data/workable/OSD189_16S_workable.fasta.gz
753f388f2bbc7e2eb0f3dbf674388b5b,OSD190_16S_workable.fasta.gz,/bioinf/projects/osd/main/2014/06/submissions/ena/sequence-data/workable/OSD190_16S_workable.fasta.gz
e2cb27ca5f115559da67c54e4f5ac70b,OSD191_16S_workable.fasta.gz,/bioinf/projects/osd/main/2014/06/submissions/ena/sequence-data/workable/OSD191_16S_workable.fasta.gz
787a4702333dd4bddc0b2159c6118f73,OSD19_16S_workable.fasta.gz,/bioinf/projects/osd/main/2014/06/submissions/ena/sequence-data/workable/OSD19_16S_workable.fasta.gz
8a40be076cc405fae1bdf68f5f6754e5,OSD19_18S_workable.fasta.gz,/bioinf/projects/osd/main/2014/06/submissions/ena/sequence-data/workable/OSD19_18S_workable.fasta.gz
866dbdc353096469b76f399572ca94ec,OSD20-20m-depth_16S_workable.fasta.gz,/bioinf/projects/osd/main/2014/06/submissions/ena/sequence-data/workable/OSD20-20m-depth_16S_workable.fasta.gz
8c3dfe2abbc1058f511552ffffa129fa,OSD20-20m-depth_18S_workable.fasta.gz,/bioinf/projects/osd/main/2014/06/submissions/ena/sequence-data/workable/OSD20-20m-depth_18S_workable.fasta.gz
d5740b51e0a044ee764572c1b9ff7206,OSD20-surface_16S_workable.fasta.gz,/bioinf/projects/osd/main/2014/06/submissions/ena/sequence-data/workable/OSD20-surface_16S_workable.fasta.gz
9851e3da91a4533aad082a318346bec8,OSD20-surface_18S_workable.fasta.gz,/bioinf/projects/osd/main/2014/06/submissions/ena/sequence-data/workable/OSD20-surface_18S_workable.fasta.gz
2f8988d697741c22e2e21bd3f3fc127e,OSD21_16S_workable.fasta.gz,/bioinf/projects/osd/main/2014/06/submissions/ena/sequence-data/workable/OSD21_16S_workable.fasta.gz
3bb313403f1c2cef5f114e506e1a82c2,OSD21_18S_workable.fasta.gz,/bioinf/projects/osd/main/2014/06/submissions/ena/sequence-data/workable/OSD21_18S_workable.fasta.gz
366ed04b93256e692a74d144e6b1241a,OSD2_16S_workable.fasta.gz,/bioinf/projects/osd/main/2014/06/submissions/ena/sequence-data/workable/OSD2_16S_workable.fasta.gz
c43e30b9cefbf3e3a28b4fd3787c92be,OSD2_18S_workable.fasta.gz,/bioinf/projects/osd/main/2014/06/submissions/ena/sequence-data/workable/OSD2_18S_workable.fasta.gz
d01c3e7b191664ae54b511ab36f707db,OSD22_16S_workable.fasta.gz,/bioinf/projects/osd/main/2014/06/submissions/ena/sequence-data/workable/OSD22_16S_workable.fasta.gz
8e0d39eee2eeaac28611e882da2b3f26,OSD22_18S_workable.fasta.gz,/bioinf/projects/osd/main/2014/06/submissions/ena/sequence-data/workable/OSD22_18S_workable.fasta.gz
dbb2fbbebf2bb16b1097901bbb93f216,OSD24_16S_workable.fasta.gz,/bioinf/projects/osd/main/2014/06/submissions/ena/sequence-data/workable/OSD24_16S_workable.fasta.gz
1b08cc56f53305406421edff7f342686,OSD24_18S_workable.fasta.gz,/bioinf/projects/osd/main/2014/06/submissions/ena/sequence-data/workable/OSD24_18S_workable.fasta.gz
f85458b1e55b34ad78c95d9a751e9a17,OSD25_16S_workable.fasta.gz,/bioinf/projects/osd/main/2014/06/submissions/ena/sequence-data/workable/OSD25_16S_workable.fasta.gz
59d4d8d7123058d35322f25632c73430,OSD25_18S_workable.fasta.gz,/bioinf/projects/osd/main/2014/06/submissions/ena/sequence-data/workable/OSD25_18S_workable.fasta.gz
d29f25535aa5010ead2813535eac0ab6,OSD26_16S_workable.fasta.gz,/bioinf/projects/osd/main/2014/06/submissions/ena/sequence-data/workable/OSD26_16S_workable.fasta.gz
01138945c026386c5b9fab25672ad823,OSD26_18S_workable.fasta.gz,/bioinf/projects/osd/main/2014/06/submissions/ena/sequence-data/workable/OSD26_18S_workable.fasta.gz
12776cfd8b77607d65988e69f385b04c,OSD28_16S_workable.fasta.gz,/bioinf/projects/osd/main/2014/06/submissions/ena/sequence-data/workable/OSD28_16S_workable.fasta.gz
86e0f304904b3f89a330b3690069ed60,OSD28_18S_workable.fasta.gz,/bioinf/projects/osd/main/2014/06/submissions/ena/sequence-data/workable/OSD28_18S_workable.fasta.gz
357be5bfbdfb9a025e67029d26d77527,OSD29_16S_workable.fasta.gz,/bioinf/projects/osd/main/2014/06/submissions/ena/sequence-data/workable/OSD29_16S_workable.fasta.gz
c930303fcd4e6f67df22cb1c87cf941f,OSD29_18S_workable.fasta.gz,/bioinf/projects/osd/main/2014/06/submissions/ena/sequence-data/workable/OSD29_18S_workable.fasta.gz
b395aa54f6831e8260cfeb2eb7ba3ab0,OSD30_16S_workable.fasta.gz,/bioinf/projects/osd/main/2014/06/submissions/ena/sequence-data/workable/OSD30_16S_workable.fasta.gz
fd5eca2e14aede2f92b4cea01da6eb82,OSD30_18S_workable.fasta.gz,/bioinf/projects/osd/main/2014/06/submissions/ena/sequence-data/workable/OSD30_18S_workable.fasta.gz
532d74943cdaa70609a12e4eb5c759c7,OSD31_16S_workable.fasta.gz,/bioinf/projects/osd/main/2014/06/submissions/ena/sequence-data/workable/OSD31_16S_workable.fasta.gz
046557753ba8ddb16ca653d15eda0993,OSD3_16S_workable.fasta.gz,/bioinf/projects/osd/main/2014/06/submissions/ena/sequence-data/workable/OSD3_16S_workable.fasta.gz
026fad1cedfd7894b951250fe32df56b,OSD3_18S_workable.fasta.gz,/bioinf/projects/osd/main/2014/06/submissions/ena/sequence-data/workable/OSD3_18S_workable.fasta.gz
d6a312891dd73d20025736135772d846,OSD32_16S_workable.fasta.gz,/bioinf/projects/osd/main/2014/06/submissions/ena/sequence-data/workable/OSD32_16S_workable.fasta.gz
395bfddccff49546c69e80adb0d42cca,OSD33_16S_workable.fasta.gz,/bioinf/projects/osd/main/2014/06/submissions/ena/sequence-data/workable/OSD33_16S_workable.fasta.gz
76c235eccbbf12b454ac240bafc3df63,OSD34_16S_workable.fasta.gz,/bioinf/projects/osd/main/2014/06/submissions/ena/sequence-data/workable/OSD34_16S_workable.fasta.gz
61feff62308fcddf579b43a148c2ef0f,OSD34_18S_workable.fasta.gz,/bioinf/projects/osd/main/2014/06/submissions/ena/sequence-data/workable/OSD34_18S_workable.fasta.gz
2a8bb12add126cbb3d622069c6bc2476,OSD35_16S_workable.fasta.gz,/bioinf/projects/osd/main/2014/06/submissions/ena/sequence-data/workable/OSD35_16S_workable.fasta.gz
40e26dc1f5b15dd48f72f188be87e4aa,OSD35_18S_workable.fasta.gz,/bioinf/projects/osd/main/2014/06/submissions/ena/sequence-data/workable/OSD35_18S_workable.fasta.gz
d9b897f646670071b171fb17a7de71e9,OSD36_16S_workable.fasta.gz,/bioinf/projects/osd/main/2014/06/submissions/ena/sequence-data/workable/OSD36_16S_workable.fasta.gz
01600e003002be9e43801e0cb1622a27,OSD36_18S_workable.fasta.gz,/bioinf/projects/osd/main/2014/06/submissions/ena/sequence-data/workable/OSD36_18S_workable.fasta.gz
f403e86de6e2a16b38e96b220eff617a,OSD37_16S_workable.fasta.gz,/bioinf/projects/osd/main/2014/06/submissions/ena/sequence-data/workable/OSD37_16S_workable.fasta.gz
852805ebba22c280f6cca13b449ff331,OSD37_18S_workable.fasta.gz,/bioinf/projects/osd/main/2014/06/submissions/ena/sequence-data/workable/OSD37_18S_workable.fasta.gz
dd1fd22776bf56d75c290422cdedef8c,OSD38_16S_workable.fasta.gz,/bioinf/projects/osd/main/2014/06/submissions/ena/sequence-data/workable/OSD38_16S_workable.fasta.gz
f7bec95ae4e2ae30e884351e5cae8738,OSD38_18S_workable.fasta.gz,/bioinf/projects/osd/main/2014/06/submissions/ena/sequence-data/workable/OSD38_18S_workable.fasta.gz
d6b281d0d873fd45a47dbe7117778856,OSD39_16S_workable.fasta.gz,/bioinf/projects/osd/main/2014/06/submissions/ena/sequence-data/workable/OSD39_16S_workable.fasta.gz
e9cfb72e7b789014e2d4b1cbe7de0bfc,OSD39_18S_workable.fasta.gz,/bioinf/projects/osd/main/2014/06/submissions/ena/sequence-data/workable/OSD39_18S_workable.fasta.gz
689cb72acd292425acbc79e31e5a6952,OSD41_16S_workable.fasta.gz,/bioinf/projects/osd/main/2014/06/submissions/ena/sequence-data/workable/OSD41_16S_workable.fasta.gz
00ed6d924c0e906ae41cc69d7f78eb8d,OSD41_18S_workable.fasta.gz,/bioinf/projects/osd/main/2014/06/submissions/ena/sequence-data/workable/OSD41_18S_workable.fasta.gz
77ada0f08173e13a552b70bee435a595,OSD4_16S_workable.fasta.gz,/bioinf/projects/osd/main/2014/06/submissions/ena/sequence-data/workable/OSD4_16S_workable.fasta.gz
7160ef31e6eb59ab94a4f9cb3fd137cf,OSD4_18S_workable.fasta.gz,/bioinf/projects/osd/main/2014/06/submissions/ena/sequence-data/workable/OSD4_18S_workable.fasta.gz
4c3e2133cce980ce283d3cd5beaa511c,OSD42_16S_workable.fasta.gz,/bioinf/projects/osd/main/2014/06/submissions/ena/sequence-data/workable/OSD42_16S_workable.fasta.gz
48f796afea1185ef195748b6ecca65e3,OSD42_18S_workable.fasta.gz,/bioinf/projects/osd/main/2014/06/submissions/ena/sequence-data/workable/OSD42_18S_workable.fasta.gz
fdc298fe0f30872fceb8a9e59461b227,OSD43_16S_workable.fasta.gz,/bioinf/projects/osd/main/2014/06/submissions/ena/sequence-data/workable/OSD43_16S_workable.fasta.gz
a99ffb2dd2a93734964f4d917056506f,OSD43_18S_workable.fasta.gz,/bioinf/projects/osd/main/2014/06/submissions/ena/sequence-data/workable/OSD43_18S_workable.fasta.gz
5db31c4ef0c4fc130216a41cecd92def,OSD45_16S_workable.fasta.gz,/bioinf/projects/osd/main/2014/06/submissions/ena/sequence-data/workable/OSD45_16S_workable.fasta.gz
27e79ae04a83c9b8f325f3d6609907c2,OSD45_18S_workable.fasta.gz,/bioinf/projects/osd/main/2014/06/submissions/ena/sequence-data/workable/OSD45_18S_workable.fasta.gz
eaa24ea1f544bdcc6830e0530f7b5beb,OSD46_16S_workable.fasta.gz,/bioinf/projects/osd/main/2014/06/submissions/ena/sequence-data/workable/OSD46_16S_workable.fasta.gz
d9e7eac094fa4048600f0bd3727f0ad3,OSD46_18S_workable.fasta.gz,/bioinf/projects/osd/main/2014/06/submissions/ena/sequence-data/workable/OSD46_18S_workable.fasta.gz
f9bad06d6ea85daf813728d7f09f5975,OSD47_16S_workable.fasta.gz,/bioinf/projects/osd/main/2014/06/submissions/ena/sequence-data/workable/OSD47_16S_workable.fasta.gz
a5de968e7aedebb24fc79e671f896b1a,OSD47_18S_workable.fasta.gz,/bioinf/projects/osd/main/2014/06/submissions/ena/sequence-data/workable/OSD47_18S_workable.fasta.gz
8b3b6ee06335ee1dda0999eb6b927b15,OSD48_16S_workable.fasta.gz,/bioinf/projects/osd/main/2014/06/submissions/ena/sequence-data/workable/OSD48_16S_workable.fasta.gz
dff30ca3f300c14f3471afee79c6eaf7,OSD48_18S_workable.fasta.gz,/bioinf/projects/osd/main/2014/06/submissions/ena/sequence-data/workable/OSD48_18S_workable.fasta.gz
766ba9a6450512860fa076850c4638af,OSD49_16S_workable.fasta.gz,/bioinf/projects/osd/main/2014/06/submissions/ena/sequence-data/workable/OSD49_16S_workable.fasta.gz
467068d3d8a4230131e0a39b6172733f,OSD49_18S_workable.fasta.gz,/bioinf/projects/osd/main/2014/06/submissions/ena/sequence-data/workable/OSD49_18S_workable.fasta.gz
5363fd85d46e080d639d25ac732ce3cd,OSD50_16S_workable.fasta.gz,/bioinf/projects/osd/main/2014/06/submissions/ena/sequence-data/workable/OSD50_16S_workable.fasta.gz
deceaaa34962adedfaba27e062949d05,OSD50_18S_workable.fasta.gz,/bioinf/projects/osd/main/2014/06/submissions/ena/sequence-data/workable/OSD50_18S_workable.fasta.gz
b88a0b250e2e3d066b6f1a9f65903ad2,OSD51_16S_workable.fasta.gz,/bioinf/projects/osd/main/2014/06/submissions/ena/sequence-data/workable/OSD51_16S_workable.fasta.gz
596400f9b911a73e56098d489424d18e,OSD51_18S_workable.fasta.gz,/bioinf/projects/osd/main/2014/06/submissions/ena/sequence-data/workable/OSD51_18S_workable.fasta.gz
b458ab92552256390fc99e5baf94b1ba,OSD5-1m-depth_16S_workable.fasta.gz,/bioinf/projects/osd/main/2014/06/submissions/ena/sequence-data/workable/OSD5-1m-depth_16S_workable.fasta.gz
dd5c84d48e9e823b29b087807a5c1a4c,OSD5-1m-depth_18S_workable.fasta.gz,/bioinf/projects/osd/main/2014/06/submissions/ena/sequence-data/workable/OSD5-1m-depth_18S_workable.fasta.gz
b7827c9f2822a805b7b94c0000d54529,OSD52_16S_workable.fasta.gz,/bioinf/projects/osd/main/2014/06/submissions/ena/sequence-data/workable/OSD52_16S_workable.fasta.gz
e195ee6767984af064b57ee5ab3ef168,OSD52_18S_workable.fasta.gz,/bioinf/projects/osd/main/2014/06/submissions/ena/sequence-data/workable/OSD52_18S_workable.fasta.gz
89dcc939cbe194f8eda5dd23974fadaa,OSD53_16S_workable.fasta.gz,/bioinf/projects/osd/main/2014/06/submissions/ena/sequence-data/workable/OSD53_16S_workable.fasta.gz
133ddcb36825a390b119eb8433393f3e,OSD53_18S_workable.fasta.gz,/bioinf/projects/osd/main/2014/06/submissions/ena/sequence-data/workable/OSD53_18S_workable.fasta.gz
506c2bf5707a257123352896feba155c,OSD54_16S_workable.fasta.gz,/bioinf/projects/osd/main/2014/06/submissions/ena/sequence-data/workable/OSD54_16S_workable.fasta.gz
8f63eec2ca9c6d71a09a5c4cac5e3bee,OSD54_18S_workable.fasta.gz,/bioinf/projects/osd/main/2014/06/submissions/ena/sequence-data/workable/OSD54_18S_workable.fasta.gz
f13306f4c4c7c9f7098c7b43171843ae,OSD55_16S_workable.fasta.gz,/bioinf/projects/osd/main/2014/06/submissions/ena/sequence-data/workable/OSD55_16S_workable.fasta.gz
6675221458275214ad9217a8b363fbf6,OSD55_18S_workable.fasta.gz,/bioinf/projects/osd/main/2014/06/submissions/ena/sequence-data/workable/OSD55_18S_workable.fasta.gz
2e5076434c5b6bd31a9f2e1fbcad94e3,OSD56_16S_workable.fasta.gz,/bioinf/projects/osd/main/2014/06/submissions/ena/sequence-data/workable/OSD56_16S_workable.fasta.gz
5688310aa96cc95d56ee0534f31869ca,OSD56_18S_workable.fasta.gz,/bioinf/projects/osd/main/2014/06/submissions/ena/sequence-data/workable/OSD56_18S_workable.fasta.gz
905276469cdd1274efd474a79d97e630,OSD57_16S_workable.fasta.gz,/bioinf/projects/osd/main/2014/06/submissions/ena/sequence-data/workable/OSD57_16S_workable.fasta.gz
1fa33e17211199c0670a5518cfd6fe7e,OSD57_18S_workable.fasta.gz,/bioinf/projects/osd/main/2014/06/submissions/ena/sequence-data/workable/OSD57_18S_workable.fasta.gz
47484b620a4c9ba648bf0a6e6450962d,OSD5-75m-depth_16S_workable.fasta.gz,/bioinf/projects/osd/main/2014/06/submissions/ena/sequence-data/workable/OSD5-75m-depth_16S_workable.fasta.gz
286e6bd5fafd864aff025c65e3b0370f,OSD5-75m-depth_18S_workable.fasta.gz,/bioinf/projects/osd/main/2014/06/submissions/ena/sequence-data/workable/OSD5-75m-depth_18S_workable.fasta.gz
7f5c838d0ccff94e017e90388806978b,OSD58_16S_workable.fasta.gz,/bioinf/projects/osd/main/2014/06/submissions/ena/sequence-data/workable/OSD58_16S_workable.fasta.gz
b2ccc8a6b606def5bab68213900f40ff,OSD58_18S_workable.fasta.gz,/bioinf/projects/osd/main/2014/06/submissions/ena/sequence-data/workable/OSD58_18S_workable.fasta.gz
eaa3f55ad774bebea1a950aaa92e0a74,OSD60_16S_workable.fasta.gz,/bioinf/projects/osd/main/2014/06/submissions/ena/sequence-data/workable/OSD60_16S_workable.fasta.gz
eed5500d91e3214ff7ead5e8c332d6af,OSD60_18S_workable.fasta.gz,/bioinf/projects/osd/main/2014/06/submissions/ena/sequence-data/workable/OSD60_18S_workable.fasta.gz
df9ccc3a18f554cc883706ac477fdd16,OSD61_16S_workable.fasta.gz,/bioinf/projects/osd/main/2014/06/submissions/ena/sequence-data/workable/OSD61_16S_workable.fasta.gz
c182037153850ae0bd76f05f9bbc7d38,OSD61_18S_workable.fasta.gz,/bioinf/projects/osd/main/2014/06/submissions/ena/sequence-data/workable/OSD61_18S_workable.fasta.gz
743d950b1fe5b10e456748f74d32dfac,OSD6_16S_workable.fasta.gz,/bioinf/projects/osd/main/2014/06/submissions/ena/sequence-data/workable/OSD6_16S_workable.fasta.gz
bd9e2e09cc80b9707c45eb972d140402,OSD6_18S_workable.fasta.gz,/bioinf/projects/osd/main/2014/06/submissions/ena/sequence-data/workable/OSD6_18S_workable.fasta.gz
a0e9973d010f84db851dda7ceff53c88,OSD62_16S_workable.fasta.gz,/bioinf/projects/osd/main/2014/06/submissions/ena/sequence-data/workable/OSD62_16S_workable.fasta.gz
3da6cd232f4d19cf87dbb36d5cfb0d65,OSD62_18S_workable.fasta.gz,/bioinf/projects/osd/main/2014/06/submissions/ena/sequence-data/workable/OSD62_18S_workable.fasta.gz
6b8b8f0bc3481d72e927d4a1c785838c,OSD63_16S_workable.fasta.gz,/bioinf/projects/osd/main/2014/06/submissions/ena/sequence-data/workable/OSD63_16S_workable.fasta.gz
cd2c3cb76e16f378a97454b40be5a71e,OSD63_18S_workable.fasta.gz,/bioinf/projects/osd/main/2014/06/submissions/ena/sequence-data/workable/OSD63_18S_workable.fasta.gz
59041c908d2f44c74f88740236d21f36,OSD64_16S_workable.fasta.gz,/bioinf/projects/osd/main/2014/06/submissions/ena/sequence-data/workable/OSD64_16S_workable.fasta.gz
182985f49a325d82c359b7f889ef2d3a,OSD64_18S_workable.fasta.gz,/bioinf/projects/osd/main/2014/06/submissions/ena/sequence-data/workable/OSD64_18S_workable.fasta.gz
202d003ee5a3464bfcbc1159adb0e546,OSD65_16S_workable.fasta.gz,/bioinf/projects/osd/main/2014/06/submissions/ena/sequence-data/workable/OSD65_16S_workable.fasta.gz
a8fac8e11c389e41c2828aecce9f527c,OSD65_18S_workable.fasta.gz,/bioinf/projects/osd/main/2014/06/submissions/ena/sequence-data/workable/OSD65_18S_workable.fasta.gz
eac5367efbf391a4e46b6845f523d32d,OSD69_16S_workable.fasta.gz,/bioinf/projects/osd/main/2014/06/submissions/ena/sequence-data/workable/OSD69_16S_workable.fasta.gz
78d7def9ca03d67b1239bb507bf320c3,OSD69_18S_workable.fasta.gz,/bioinf/projects/osd/main/2014/06/submissions/ena/sequence-data/workable/OSD69_18S_workable.fasta.gz
62a28f67f0edbf96be80bb120f139f2b,OSD70_16S_workable.fasta.gz,/bioinf/projects/osd/main/2014/06/submissions/ena/sequence-data/workable/OSD70_16S_workable.fasta.gz
3b812c5dca2453e98a012c66ddf1aa2b,OSD70_18S_workable.fasta.gz,/bioinf/projects/osd/main/2014/06/submissions/ena/sequence-data/workable/OSD70_18S_workable.fasta.gz
47bddf9d121b4680389e03ed9a6b9b8e,OSD71_16S_workable.fasta.gz,/bioinf/projects/osd/main/2014/06/submissions/ena/sequence-data/workable/OSD71_16S_workable.fasta.gz
100eff86b943cd6b42966bb80320b68b,OSD71_18S_workable.fasta.gz,/bioinf/projects/osd/main/2014/06/submissions/ena/sequence-data/workable/OSD71_18S_workable.fasta.gz
8a3fe62feb3628fe1cc378b6ef35fe41,OSD7_16S_workable.fasta.gz,/bioinf/projects/osd/main/2014/06/submissions/ena/sequence-data/workable/OSD7_16S_workable.fasta.gz
3baaa6020a9b7f5aaa8b6be38ed90228,OSD7_18S_workable.fasta.gz,/bioinf/projects/osd/main/2014/06/submissions/ena/sequence-data/workable/OSD7_18S_workable.fasta.gz
e9bb7a81a2d3e17520612f9323d511e1,OSD72_16S_workable.fasta.gz,/bioinf/projects/osd/main/2014/06/submissions/ena/sequence-data/workable/OSD72_16S_workable.fasta.gz
d98c7c830bc8bd53e57770da5444f93d,OSD72_18S_workable.fasta.gz,/bioinf/projects/osd/main/2014/06/submissions/ena/sequence-data/workable/OSD72_18S_workable.fasta.gz
73fb4935ba1074ca0305be4ce56d7b65,OSD73_16S_workable.fasta.gz,/bioinf/projects/osd/main/2014/06/submissions/ena/sequence-data/workable/OSD73_16S_workable.fasta.gz
49e30f96773b942656fbd0011dbe6af8,OSD73_18S_workable.fasta.gz,/bioinf/projects/osd/main/2014/06/submissions/ena/sequence-data/workable/OSD73_18S_workable.fasta.gz
b2743498c2970ceeb8ab114505086aab,OSD74_16S_workable.fasta.gz,/bioinf/projects/osd/main/2014/06/submissions/ena/sequence-data/workable/OSD74_16S_workable.fasta.gz
841df4a88b2c62c556ec1dd560768545,OSD74_18S_workable.fasta.gz,/bioinf/projects/osd/main/2014/06/submissions/ena/sequence-data/workable/OSD74_18S_workable.fasta.gz
62e71494c05c89353b339eb48995fde8,OSD76_16S_workable.fasta.gz,/bioinf/projects/osd/main/2014/06/submissions/ena/sequence-data/workable/OSD76_16S_workable.fasta.gz
1ada4987269d47d633aa4744dad0ae85,OSD76_18S_workable.fasta.gz,/bioinf/projects/osd/main/2014/06/submissions/ena/sequence-data/workable/OSD76_18S_workable.fasta.gz
b79e2e6ccda842b77968e64b275e0698,OSD77_16S_workable.fasta.gz,/bioinf/projects/osd/main/2014/06/submissions/ena/sequence-data/workable/OSD77_16S_workable.fasta.gz
0525c7abfbc091e6c9971e387f1133ec,OSD77_18S_workable.fasta.gz,/bioinf/projects/osd/main/2014/06/submissions/ena/sequence-data/workable/OSD77_18S_workable.fasta.gz
73f1681a5dffeaf4d9bf973c4e8b1857,OSD78_16S_workable.fasta.gz,/bioinf/projects/osd/main/2014/06/submissions/ena/sequence-data/workable/OSD78_16S_workable.fasta.gz
4908b9f431a9020a243e3c4e05413dca,OSD78_18S_workable.fasta.gz,/bioinf/projects/osd/main/2014/06/submissions/ena/sequence-data/workable/OSD78_18S_workable.fasta.gz
e9c9b53f25ed343d8acdbb3891d8f6b8,OSD80_16S_workable.fasta.gz,/bioinf/projects/osd/main/2014/06/submissions/ena/sequence-data/workable/OSD80_16S_workable.fasta.gz
2788022249fdf28bba56872e4802c2f6,OSD80_18S_workable.fasta.gz,/bioinf/projects/osd/main/2014/06/submissions/ena/sequence-data/workable/OSD80_18S_workable.fasta.gz
fcbba68679394cf1ac28bbdc301d6c65,OSD80-2m-depth_16S_workable.fasta.gz,/bioinf/projects/osd/main/2014/06/submissions/ena/sequence-data/workable/OSD80-2m-depth_16S_workable.fasta.gz
4990fcdb88d6e9c084593d8f6891c0e7,OSD80-2m-depth_18S_workable.fasta.gz,/bioinf/projects/osd/main/2014/06/submissions/ena/sequence-data/workable/OSD80-2m-depth_18S_workable.fasta.gz
0ee93bdcba918912c7528454edd380c9,OSD81_16S_workable.fasta.gz,/bioinf/projects/osd/main/2014/06/submissions/ena/sequence-data/workable/OSD81_16S_workable.fasta.gz
0cfbf876899c0f9ee61989f111a07b24,OSD81_18S_workable.fasta.gz,/bioinf/projects/osd/main/2014/06/submissions/ena/sequence-data/workable/OSD81_18S_workable.fasta.gz
67d417a0f7a137190f729fe4f69d0dac,OSD90_16S_workable.fasta.gz,/bioinf/projects/osd/main/2014/06/submissions/ena/sequence-data/workable/OSD90_16S_workable.fasta.gz
4a80776712a8ccec38136ee637a4aaec,OSD90_18S_workable.fasta.gz,/bioinf/projects/osd/main/2014/06/submissions/ena/sequence-data/workable/OSD90_18S_workable.fasta.gz
b71c6ee66df2b867351d30191cc0fa87,OSD90-melted_16S_workable.fasta.gz,/bioinf/projects/osd/main/2014/06/submissions/ena/sequence-data/workable/OSD90-melted_16S_workable.fasta.gz
345388159f44a8246c6b563699064f1c,OSD90-melted_18S_workable.fasta.gz,/bioinf/projects/osd/main/2014/06/submissions/ena/sequence-data/workable/OSD90-melted_18S_workable.fasta.gz
4eacf60f027d66cb6f72049a58d84dc7,OSD91_16S_workable.fasta.gz,/bioinf/projects/osd/main/2014/06/submissions/ena/sequence-data/workable/OSD91_16S_workable.fasta.gz
75bb3dae15068ee1a8b16ede569801ee,OSD91_18S_workable.fasta.gz,/bioinf/projects/osd/main/2014/06/submissions/ena/sequence-data/workable/OSD91_18S_workable.fasta.gz
01ec55cdfe66955d3fa0cd6e1bd764ae,OSD8_16S_workable.fasta.gz,/bioinf/projects/osd/main/2014/06/submissions/ena/sequence-data/workable/OSD8_16S_workable.fasta.gz
d8cf95bf132c347a611ed6e1677a2a01,OSD8_18S_workable.fasta.gz,/bioinf/projects/osd/main/2014/06/submissions/ena/sequence-data/workable/OSD8_18S_workable.fasta.gz
7b5f841ba8c0ffc696016de70a147e13,OSD92_16S_workable.fasta.gz,/bioinf/projects/osd/main/2014/06/submissions/ena/sequence-data/workable/OSD92_16S_workable.fasta.gz
a5ec5fe307872b3fa8114f469ef0aa17,OSD92_18S_workable.fasta.gz,/bioinf/projects/osd/main/2014/06/submissions/ena/sequence-data/workable/OSD92_18S_workable.fasta.gz
d7c370fe203bd0d402b6e9a58c2d3514,OSD93_16S_workable.fasta.gz,/bioinf/projects/osd/main/2014/06/submissions/ena/sequence-data/workable/OSD93_16S_workable.fasta.gz
5ea241fad2abfadf8ce3c9413426b6f0,OSD93_18S_workable.fasta.gz,/bioinf/projects/osd/main/2014/06/submissions/ena/sequence-data/workable/OSD93_18S_workable.fasta.gz
3b9c1af4a9c8de587066ebe2cdae60d4,OSD94_16S_workable.fasta.gz,/bioinf/projects/osd/main/2014/06/submissions/ena/sequence-data/workable/OSD94_16S_workable.fasta.gz
2bae8007c7378d31bdec8ed17af00862,OSD94_18S_workable.fasta.gz,/bioinf/projects/osd/main/2014/06/submissions/ena/sequence-data/workable/OSD94_18S_workable.fasta.gz
8789d37a4f8d5e81a8fa6a7779028fd3,OSD95_16S_workable.fasta.gz,/bioinf/projects/osd/main/2014/06/submissions/ena/sequence-data/workable/OSD95_16S_workable.fasta.gz
711607717a41ea055ffcb3420e8023ec,OSD95_18S_workable.fasta.gz,/bioinf/projects/osd/main/2014/06/submissions/ena/sequence-data/workable/OSD95_18S_workable.fasta.gz
75d7cb08ed8067234a9f88e0a0fddf93,OSD96_16S_workable.fasta.gz,/bioinf/projects/osd/main/2014/06/submissions/ena/sequence-data/workable/OSD96_16S_workable.fasta.gz
793ca6c80d13477b7c2c93f4be482e8e,OSD96_18S_workable.fasta.gz,/bioinf/projects/osd/main/2014/06/submissions/ena/sequence-data/workable/OSD96_18S_workable.fasta.gz
13cedd09af2427bfa9894655d6f77a7f,OSD97_16S_workable.fasta.gz,/bioinf/projects/osd/main/2014/06/submissions/ena/sequence-data/workable/OSD97_16S_workable.fasta.gz
c2e65e6e7bd667e49f72e084f1c5fdff,OSD97_18S_workable.fasta.gz,/bioinf/projects/osd/main/2014/06/submissions/ena/sequence-data/workable/OSD97_18S_workable.fasta.gz
b21963a37e9e71b7902c764b7e79fe33,OSD98_16S_workable.fasta.gz,/bioinf/projects/osd/main/2014/06/submissions/ena/sequence-data/workable/OSD98_16S_workable.fasta.gz
34ff172a498cb555588c1a23688547e6,OSD98_18S_workable.fasta.gz,/bioinf/projects/osd/main/2014/06/submissions/ena/sequence-data/workable/OSD98_18S_workable.fasta.gz
cf4e1f7cf33c0f2be00f6ca839702aae,OSD99_16S_workable.fasta.gz,/bioinf/projects/osd/main/2014/06/submissions/ena/sequence-data/workable/OSD99_16S_workable.fasta.gz
6178f54a425cea26f35129407971d13d,OSD99_18S_workable.fasta.gz,/bioinf/projects/osd/main/2014/06/submissions/ena/sequence-data/workable/OSD99_18S_workable.fasta.gz
